ID,URL,Score,num_comment,data_extract
1gl2h1y,https://www.reddit.com/r/womenintech/comments/1gl2h1y/election_talk_at_work_dont_take_the_bait/,10676,484,5/1/2025
1hcv1ab,https://www.reddit.com/r/womenintech/comments/1hcv1ab/stand_your_ground_youre_not_a_secretary/,5001,396,5/1/2025
1fzvk1s,https://fortune.com/2024/08/08/most-high-performing-women-recieve-negative-feedback-quit-jobs/,4278,327,5/1/2025
1eemu9y,https://www.reddit.com/r/womenintech/comments/1eemu9y/colleague_assumed_i_was_pregnant_when_i_said_i/,2698,148,5/1/2025
1ey5rsx,https://www.reddit.com/r/womenintech/comments/1ey5rsx/this_is_why_women_leave_tech/,2146,197,5/1/2025
1gmxqgs,https://i.redd.it/m2vxm0vgurzd1.jpeg,1982,198,5/1/2025
1gjsiju,https://www.reddit.com/r/womenintech/comments/1gjsiju/turns_out_when_you_stop_faking_it_at_interviews/,1867,126,5/1/2025
1gmkqpa,https://www.reddit.com/r/womenintech/comments/1gmkqpa/if_kamala_couldnt_do_it_why_bother/,1840,625,5/1/2025
1ed2snq,https://www.reddit.com/r/womenintech/comments/1ed2snq/i_announced_my_pregnancy_to_my_team_and_they_just/,1773,361,5/1/2025
1gf7eqc,https://www.reddit.com/r/womenintech/comments/1gf7eqc/rejected_and_underestimated_in_tech_but_im_back/,1720,114,5/1/2025
1erp1cm,https://i.redd.it/th7lq8au8jid1.png,1571,287,5/1/2025
1gnw6ja,https://www.reddit.com/r/womenintech/comments/1gnw6ja/grumpy_maga_contractor/,1540,95,5/1/2025
1eudvvy,https://www.reddit.com/gallery/1eudvvy,1528,151,5/1/2025
1hgvsuu,https://i.redd.it/y57s04zlyj7e1.jpeg,1458,106,5/1/2025
1eusu1s,https://i.redd.it/oloa9hr6najd1.png,1448,29,5/1/2025
1gy2vx7,https://www.reddit.com/r/womenintech/comments/1gy2vx7/how_weight_loss_and_my_glow_up_dramatically/,1335,167,5/1/2025
1grfg7r,https://v.redd.it/kqnqe9jtru0e1,1202,39,5/1/2025
1h53rdk,https://www.reddit.com/r/womenintech/comments/1h53rdk/what_is_something_youve_had_to_unlearn_and_do/,1148,121,5/1/2025
1ff493r,https://www.reddit.com/r/womenintech/comments/1ff493r/percentage_of_women_in_tech_has_not_increased_in/,1147,286,5/1/2025
1ggkogc,https://www.reddit.com/r/womenintech/comments/1ggkogc/its_only_been_50_years_since_women_had_the_right/,1143,80,5/1/2025
1hh5h4a,https://www.reddit.com/r/womenintech/comments/1hh5h4a/my_year_end_review_with_meets_expectations/,1009,199,5/1/2025
1ehhx0u,https://www.reddit.com/r/womenintech/comments/1ehhx0u/how_to_tactfully_put_a_coworker_in_their_place/,994,277,5/1/2025
1g5i530,https://www.reddit.com/r/womenintech/comments/1g5i530/i_got_fired_today/,969,158,5/1/2025
1fw79lr,https://www.reddit.com/r/womenintech/comments/1fw79lr/weekly_team_call_started_again_with_ok_gentlemen/,967,150,5/1/2025
1hby8sn,https://www.reddit.com/r/womenintech/comments/1hby8sn/i_took_a_break_from_working_and_now_trying_to/,953,154,5/1/2025
1he74my,https://i.redd.it/j4yneczghu6e1.jpeg,959,167,5/1/2025
1dfeo4o,https://www.reddit.com/r/womenintech/comments/1dfeo4o/someone_in_my_office_space_has_a_picture_of_a/,953,294,5/1/2025
1gvvvj7,https://i.redd.it/19sfkawvj32e1.jpeg,938,329,5/1/2025
1hiuexa,https://www.reddit.com/r/womenintech/comments/1hiuexa/why_are_men_in_tech_so_mean/,932,376,5/1/2025
1f9cg2y,https://www.reddit.com/r/womenintech/comments/1f9cg2y/what_are_some_hardunfortunate_lessons_youve/,871,214,5/1/2025
1gtxkbh,https://www.reddit.com/r/womenintech/comments/1gtxkbh/if_gaetz_can_be_attorney_general_then_you_can_get/,830,44,5/1/2025
1h9lizs,https://www.reddit.com/r/womenintech/comments/1h9lizs/we_just_hired_a_male_staff_engineer/,814,40,5/1/2025
1fouyip,https://www.reddit.com/r/womenintech/comments/1fouyip/if_i_were_a_man_id_be_the_man/,800,62,5/1/2025
1h104p6,https://www.reddit.com/r/womenintech/comments/1h104p6/41_final_stage_interviews_100_with_men_6_hour/,792,79,5/1/2025
1e5kdai,https://www.reddit.com/r/womenintech/comments/1e5kdai/microsoft_fired_entire_diversity_and_inclusion/,760,266,5/1/2025
1gj9aic,https://www.reddit.com/r/womenintech/comments/1gj9aic/men_are_too_emotional_and_it_does_not_create_a/,750,87,5/1/2025
1hn4cp7,https://www.reddit.com/r/womenintech/comments/1hn4cp7/science_and_technology_are_gatekept_by/,744,79,5/1/2025
1fiodw2,https://www.reddit.com/r/womenintech/comments/1fiodw2/biased_social_rules_for_thee_ladies_not_thee_men/,745,74,5/1/2025
1fdhixl,https://www.reddit.com/r/womenintech/comments/1fdhixl/whats_the_deal_with_men_and_meeting_minutes/,738,173,5/1/2025
1h5rx8d,https://www.reddit.com/r/womenintech/comments/1h5rx8d/i_hate_going_to_class/,717,46,5/1/2025
1hfeziw,https://www.reddit.com/r/womenintech/comments/1hfeziw/im_not_sure_i_can_do_this_anymore/,690,77,5/1/2025
1ftueg6,https://www.reddit.com/r/womenintech/comments/1ftueg6/my_mom_was_in_tech_in_the_1980s_her_story_and_my/,690,77,5/1/2025
1gzldp3,https://www.reddit.com/r/womenintech/comments/1gzldp3/to_those_who_are_dealing_with_burnouts_by/,688,49,5/1/2025
1f4wuxo,https://www.reddit.com/r/womenintech/comments/1f4wuxo/how_many_of_us_are_unemployed_today_and_cant_find/,677,221,5/1/2025
1flwvab,https://www.reddit.com/r/womenintech/comments/1flwvab/im_suing_my_company_for_gender_discrimination_in/,677,68,5/1/2025
1dehz7n,https://www.reddit.com/r/womenintech/comments/1dehz7n/the_men_who_argue_with_us_to_death_what_do_they/,671,360,5/1/2025
1gadubp,https://i.redd.it/zzu62dow1jwd1.jpeg,650,102,5/1/2025
1gy9wvh,https://www.reddit.com/r/womenintech/comments/1gy9wvh/men_are_often_more_successful_because_they_dont/,640,226,5/1/2025
1g6pj09,https://www.reddit.com/r/womenintech/comments/1g6pj09/removal_of_women_in_tech_and_women_in/,636,163,5/1/2025
1fswi0v,https://www.reddit.com/r/womenintech/comments/1fswi0v/rant_about_nice_gestures/,631,68,5/1/2025
1es3zc7,https://www.reddit.com/r/womenintech/comments/1es3zc7/how_much_do_you_think_being_a_woman_has_limited/,622,390,5/1/2025
1h3m3hx,https://www.reddit.com/r/womenintech/comments/1h3m3hx/how_do_you_shake_the_feeling_that_shitty_men_tend/,627,148,5/1/2025
1gs8gjc,https://www.reddit.com/r/womenintech/comments/1gs8gjc/last_time_trump_was_president_tw_sexual_harassment/,606,70,5/1/2025
1ghmicq,https://www.geekwire.com/2024/ai-overwhelmingly-prefers-white-and-male-job-candidates-in-new-test-of-resume-screening-bias/,604,51,5/1/2025
1gnis46,https://www.reddit.com/r/womenintech/comments/1gnis46/just_went_to_a_women_in_tech_meet_up_where_i_was/,602,62,5/1/2025
1gl9z3j,https://i.redd.it/0zmt3kvepczd1.jpeg,603,175,5/1/2025
1hofgbs,https://www.reddit.com/r/womenintech/comments/1hofgbs/something_ive_noticed_from_the_h1b_discourse/,593,139,5/1/2025
1ez4z6e,https://www.reddit.com/r/womenintech/comments/1ez4z6e/should_we_dim_our_lights_to_fit_in_tech/,575,193,5/1/2025
1h30qs4,https://i.redd.it/2it1mc4utx3e1.jpeg,575,11,5/1/2025
1g3r857,https://www.reddit.com/r/womenintech/comments/1g3r857/i_was_laid_off_and_i_am_exhausted/,549,53,5/1/2025
1eu64oc,https://www.reddit.com/r/womenintech/comments/1eu64oc/please_network/,546,107,5/1/2025
1gpqhbx,https://www.nadja.co/2024/05/21/generative-ai-shows-clear-gender-and-racial-bias-unesco-finds/,525,100,5/1/2025
1g4zvc0,https://www.reddit.com/r/womenintech/comments/1g4zvc0/study_finds_women_are_penalized_for_using_caring/,519,88,5/1/2025
1f0mimu,https://www.reddit.com/r/womenintech/comments/1f0mimu/perpetuating_harmful_stereotypes_of_dei/,510,131,5/1/2025
1ew8p6z,https://www.reddit.com/r/womenintech/comments/1ew8p6z/is_dei_dead_or_what_is_our_takeaway_form_the_palo/,495,73,5/1/2025
1gbmttk,https://www.reddit.com/r/womenintech/comments/1gbmttk/in_tech_and_in_despair/,495,174,5/1/2025
1g5t3qz,https://www.reddit.com/r/womenintech/comments/1g5t3qz/how_do_you_deal_with_the_fing_sociopaths_at_work/,481,110,5/1/2025
1f2ud5v,https://www.reddit.com/r/womenintech/comments/1f2ud5v/so_many_people_have_gotten_into_tech_for_the/,471,244,5/1/2025
1fapkvv,https://www.reddit.com/r/womenintech/comments/1fapkvv/diversity_initiatives_gone_wrong_share_your/,464,135,5/1/2025
1g8xn33,https://www.reddit.com/r/womenintech/comments/1g8xn33/do_you_regret_not_trying_harder_with_your_career/,455,115,5/1/2025
1fyhgd2,https://www.reddit.com/r/womenintech/comments/1fyhgd2/your_suggestions_helped_me_transfer_away_from_a/,441,23,5/1/2025
1ha6lh5,https://www.reddit.com/r/womenintech/comments/1ha6lh5/my_thoughts_about_men_in_tech/,437,94,5/1/2025
1fsisj8,https://www.reddit.com/r/womenintech/comments/1fsisj8/if_you_dont_want_to_burn_out_at_work_make_sure/,429,45,5/1/2025
1gh7nvg,https://www.reddit.com/r/womenintech/comments/1gh7nvg/insight_amazon_scraps_secret_ai_recruiting_tool/,418,34,5/1/2025
1hj7c8w,https://www.reddit.com/r/womenintech/comments/1hj7c8w/how_to_tell_my_coworker_to_stop_making_comments/,411,140,5/1/2025
1g9gafh,https://www.reddit.com/r/womenintech/comments/1g9gafh/vent_boss_told_me_men_are_just_naturally_better/,414,163,5/1/2025
1cxmjk2,https://www.reddit.com/r/womenintech/comments/1cxmjk2/software_engineer_most_of_my_team_are_women/,412,43,5/1/2025
1ck58xd,https://www.reddit.com/r/womenintech/comments/1ck58xd/on_a_lighter_notewho_else_hates_this_trend_of/,407,168,5/1/2025
1g7nyzj,https://www.reddit.com/gallery/1g7nyzj,405,97,5/1/2025
1ft6nd2,https://www.reddit.com/r/womenintech/comments/1ft6nd2/allowing_men_into_womens_support_groups/,407,172,5/1/2025
1cyayog,https://www.reddit.com/r/womenintech/comments/1cyayog/shoutout_to_my_awesome_male_coworker_who_gave_me/,400,14,5/1/2025
1fngmbn,https://www.reddit.com/r/womenintech/comments/1fngmbn/i_hate_working_in_tech/,400,79,5/1/2025
1cqzzar,https://www.reddit.com/r/womenintech/comments/1cqzzar/goodbye_post/,403,116,5/1/2025
1d2cqn1,https://www.reddit.com/r/womenintech/comments/1d2cqn1/why_are_there_still_so_few_female_engineers/,391,445,5/1/2025
1hcphcd,https://www.reddit.com/r/womenintech/comments/1hcphcd/thank_you_form_a_woman_not_in_tech/,390,6,5/1/2025
1esy2lj,https://www.reddit.com/r/womenintech/comments/1esy2lj/as_a_woman_im_not_allowed_to_not_be_chipper/,391,50,5/1/2025
1gqt50a,https://www.reddit.com/r/womenintech/comments/1gqt50a/anyone_else_here_work_at_amazon_and_miserable/,392,100,5/1/2025
1etvd04,https://www.reddit.com/r/womenintech/comments/1etvd04/why_did_you_get_into_this_field/,380,68,5/1/2025
1djmef1,https://i.redd.it/ntlng5qbuj7d1.png,376,92,5/1/2025
1fav1qo,https://i.redd.it/jftt41bpm2nd1.jpeg,372,26,5/1/2025
1ej6muh,https://www.reddit.com/r/womenintech/comments/1ej6muh/post_layoffs_toxic_bro_environment_im_grieving/,379,28,5/1/2025
1gjoexo,https://i.redd.it/m8vxiusuqwyd1.jpeg,378,183,5/1/2025
1gf4rrf,https://www.reddit.com/r/womenintech/comments/1gf4rrf/feel_like_im_losing_my_mind_but_i_cant_leave/,365,97,5/1/2025
1fali9v,https://www.reddit.com/r/womenintech/comments/1fali9v/burnout_due_to_being_played_out/,364,62,5/1/2025
1gm0e0u,https://www.reddit.com/r/womenintech/comments/1gm0e0u/the_guys_at_work_act_like_they_pity_me/,353,285,5/1/2025
1ffarz4,https://i.redd.it/k5onocxzgfod1.jpeg,354,3,5/1/2025
1f270mz,https://i.redd.it/qamull0th4ld1.jpeg,348,18,5/1/2025
1e5rrgd,https://www.reddit.com/gallery/1e5rrgd,344,36,5/1/2025
1gaunp5,https://www.reddit.com/r/womenintech/comments/1gaunp5/ladies_i_wish_i_could_hire_all_of_you/,347,34,5/1/2025
1gix25g,https://www.reddit.com/r/womenintech/comments/1gix25g/i_am_scared_every_day/,343,120,5/1/2025
1h1868i,https://www.reddit.com/r/womenintech/comments/1h1868i/how_do_you_handle_men_at_work_who_try_to_dominate/,339,71,5/1/2025
1fj4av7,https://www.reddit.com/r/womenintech/comments/1fj4av7/we_dont_need_to_be_like_old_men_to_lead/,337,30,5/1/2025
1g5b9rl,https://www.reddit.com/r/womenintech/comments/1g5b9rl/i_woke_up_today_just_wanting_to_cry_i_hate_job/,334,47,5/1/2025
1g0xs3o,https://www.reddit.com/r/womenintech/comments/1g0xs3o/35_women_in_tech_where_are_you_now/,329,364,5/1/2025
1gm3m74,https://www.reddit.com/r/womenintech/comments/1gm3m74/anyone_want_to_start_a_tech_company_w_me/,321,91,5/1/2025
1g9g0le,https://www.reddit.com/r/womenintech/comments/1g9g0le/are_all_tech_jobs_chaotic/,318,97,5/1/2025
1h16xan,https://i.redd.it/5i9iqujaqg3e1.jpeg,309,10,5/1/2025
1g71hsn,https://www.reddit.com/r/womenintech/comments/1g71hsn/that_weird_thing_that_happens_when_there_are_two/,307,85,5/1/2025
1ho76z2,https://www.reddit.com/r/womenintech/comments/1ho76z2/i_cant_do_it_anymore/,304,107,5/1/2025
1gtau3b,https://www.reddit.com/r/womenintech/comments/1gtau3b/feeling_depressed_being_around_men_all_the_time/,305,57,5/1/2025
1gort4w,https://www.reddit.com/r/womenintech/comments/1gort4w/does_alexa_influence_how_society_speaks_to_women/,292,75,5/1/2025
1ew19b3,https://www.reddit.com/r/womenintech/comments/1ew19b3/managing_out/,294,70,5/1/2025
1f3ih7b,https://www.reddit.com/r/womenintech/comments/1f3ih7b/bitter_over_how_much_success_have_been_taken_away/,288,37,5/1/2025
1f938be,https://www.reddit.com/r/womenintech/comments/1f938be/i_am_tired_of_advocating_for_myself/,279,27,5/1/2025
1cw3njb,https://www.reddit.com/r/womenintech/comments/1cw3njb/i_just_cant_put_up_with_the_small_things_anymore/,273,76,5/1/2025
1ffh792,https://www.reddit.com/r/womenintech/comments/1ffh792/had_the_same_weird_experience_interviewing_with/,268,162,5/1/2025
1gn0yxx,https://www.reddit.com/r/womenintech/comments/1gn0yxx/just_realized_how_little_im_being_paid/,263,58,5/1/2025
1fw7amk,https://www.reddit.com/r/womenintech/comments/1fw7amk/what_constitutes_a_woman_being_in_tech/,261,177,5/1/2025
1fkv434,https://www.reddit.com/r/womenintech/comments/1fkv434/really_worn_down/,260,69,5/1/2025
1h8jb2i,https://www.reddit.com/r/womenintech/comments/1h8jb2i/received_feedback_that_im_not_showing_up_with/,259,63,5/1/2025
1gb7o3h,https://www.reddit.com/r/womenintech/comments/1gb7o3h/working_with_men_shenanigans/,257,43,5/1/2025
1gfsq96,https://www.reddit.com/r/womenintech/comments/1gfsq96/any_ladies_here_who_are_neurodivergent_or_have/,257,67,5/1/2025
1hj853v,https://www.reddit.com/r/womenintech/comments/1hj853v/just_accepted_an_offer_for_a_cyber_security/,252,32,5/1/2025
1empge1,https://www.reddit.com/r/womenintech/comments/1empge1/is_there_a_name_for_enforced_women_in_tech/,253,111,5/1/2025
1e55gnf,https://www.reddit.com/r/womenintech/comments/1e55gnf/vent_white_men_will_always_be_seen_as_the_experts/,249,55,5/1/2025
1h90unz,https://www.reddit.com/r/womenintech/comments/1h90unz/tech_for_women_as_they_approach_40s_and_beyond/,249,204,5/1/2025
1h1v6po,https://www.reddit.com/r/womenintech/comments/1h1v6po/manager_got_me_fired_but_is_still_checking_my/,248,132,5/1/2025
1ehmwrb,https://www.reddit.com/r/womenintech/comments/1ehmwrb/how_to_tell_a_male_colleague_same_level_different/,248,76,5/1/2025
1ezis8z,https://www.reddit.com/r/womenintech/comments/1ezis8z/anyone_else_go_through_super_invasive_interviews/,245,80,5/1/2025
1ewfpq6,https://www.reddit.com/r/womenintech/comments/1ewfpq6/male_aggression_towards_women_treated_like/,245,58,5/1/2025
1cxe1o4,https://www.reddit.com/r/womenintech/comments/1cxe1o4/just_a_vent_post_of_how_much_i_dislike_my_job_and/,242,80,5/1/2025
1f43cz9,https://www.reddit.com/r/womenintech/comments/1f43cz9/another_rant_about_a_coworker/,239,67,5/1/2025
1e7c0ur,https://www.reddit.com/r/womenintech/comments/1e7c0ur/noticing_a_pattern_of_behavior_with_asian/,239,74,5/1/2025
1gha5lc,https://www.reddit.com/r/womenintech/comments/1gha5lc/female_founder_fund_returns_their_first_fund_in/,231,6,5/1/2025
1egiypp,https://www.reddit.com/r/womenintech/comments/1egiypp/how_do_you_deal_with_men_stealing_your_ideas_at/,229,72,5/1/2025
1giloyh,https://www.reddit.com/r/womenintech/comments/1giloyh/thoughts_on_malecoded_only_social_events/,229,132,5/1/2025
1h32n75,https://www.reddit.com/r/womenintech/comments/1h32n75/i_have_to_share_because_its_a_big_accomplishment/,228,38,5/1/2025
1hpo9c2,https://www.reddit.com/r/womenintech/comments/1hpo9c2/the_assertive_vs_aggressive_conundrum_why_are/,222,94,5/1/2025
1coveux,https://www.reddit.com/r/womenintech/comments/1coveux/amidst_mass_layoffs_the_us_department_of_labor_is/,224,89,5/1/2025
1gwmgd1,https://www.reddit.com/r/womenintech/comments/1gwmgd1/how_do_you_feel_about_day_in_the_life_influencers/,219,151,5/1/2025
1f3onzo,https://www.reddit.com/r/womenintech/comments/1f3onzo/companies_that_are_healthy_for_women_to_work_at/,221,96,5/1/2025
1f829cx,https://www.reddit.com/r/womenintech/comments/1f829cx/anyone_feel_weird_about_people_actually_listening/,217,34,5/1/2025
1cily80,https://www.reddit.com/r/womenintech/comments/1cily80/how_do_you_handle_being_excluded_from_meetings/,222,153,5/1/2025
1gsv3d3,https://www.reddit.com/r/womenintech/comments/1gsv3d3/how_do_you_guys_cope_with_men/,213,115,5/1/2025
1hc1xpi,https://www.reddit.com/r/womenintech/comments/1hc1xpi/women_feeling_like_they_need_to_overexplain_their/,215,50,5/1/2025
1fbkrbb,https://www.reddit.com/r/womenintech/comments/1fbkrbb/i_need_your_opinion_please_i_want_to_start_a/,206,97,5/1/2025
1d6ifer,https://www.reddit.com/r/womenintech/comments/1d6ifer/question_have_you_ever_overheard_coworkers_men/,207,143,5/1/2025
1gqjf97,https://www.reddit.com/r/womenintech/comments/1gqjf97/respect_of_knowledge_and_wearing_glasses_vs_not/,206,64,5/1/2025
1gyj1uo,https://www.reddit.com/r/womenintech/comments/1gyj1uo/postmeeting_update_vp_of_engineering_scheduled/,202,52,5/1/2025
1gppqrj,https://www.reddit.com/r/womenintech/comments/1gppqrj/storytime_how_i_lost_300k_but_that_was_ok_because/,200,38,5/1/2025
1cem7q8,https://www.reddit.com/gallery/1cd46xy,199,65,5/1/2025
1g4rsfo,https://www.reddit.com/r/womenintech/comments/1g4rsfo/long_i_hate_my_manager_i_hate_my_team_i_hate_my/,197,38,5/1/2025
1g1ytzi,https://www.reddit.com/r/womenintech/comments/1g1ytzi/female_tech_founder_tara_v_just_exited_this_week/,195,8,5/1/2025
1ev0igc,https://i.redd.it/t2xwnw1clcjd1.jpeg,196,0,5/1/2025
1fji3mg,https://www.reddit.com/r/womenintech/comments/1fji3mg/men_speaking_around_me_but_not_to_me/,192,42,5/1/2025
1en6ak0,https://www.reddit.com/r/womenintech/comments/1en6ak0/i_want_out_of_the_industry_i_am_done_with_this/,192,49,5/1/2025
1dlcyqf,https://www.reddit.com/r/womenintech/comments/1dlcyqf/how_to_stay_in_tech_when_i_keep_getting_sidelined/,192,51,5/1/2025
1exx3gr,https://www.reddit.com/r/womenintech/comments/1exx3gr/so_tired_of_being_dismissed/,190,20,5/1/2025
1dl4boe,https://www.reddit.com/r/womenintech/comments/1dl4boe/is_it_time_to_name_and_shame_whats_the_downside/,189,59,5/1/2025
1gaxib0,https://www.reddit.com/r/womenintech/comments/1gaxib0/girls_excluded_from_games_trip_arranged_by_school/,187,17,5/1/2025
1d6ow4g,https://www.reddit.com/r/womenintech/comments/1d6ow4g/am_i_the_asshole_for_calling_out_coworker_for/,189,61,5/1/2025
1ett7sm,https://www.reddit.com/r/womenintech/comments/1ett7sm/would_it_be_silly_to_not_accept_a_job_offer/,188,150,5/1/2025
1dkdmlk,https://www.reddit.com/r/womenintech/comments/1dkdmlk/i_finally_had_the_courage_to_file_a_report/,188,47,5/1/2025
1gr4awa,https://www.reddit.com/r/womenintech/comments/1gr4awa/how_to_keep_going_when_youre_depressed_and_burnt/,179,39,5/1/2025
1f2f6xw,https://www.reddit.com/r/womenintech/comments/1f2f6xw/im_experiencing_severe_burnout/,181,39,5/1/2025
1dg1it1,https://www.reddit.com/r/womenintech/comments/1dg1it1/do_people_actually_want_a_womenonly_social_media/,181,117,5/1/2025
1hio2rj,https://www.reddit.com/r/womenintech/comments/1hio2rj/cried_when_my_boss_showed_me_his_recent_feature/,180,6,5/1/2025
1dqlo8n,https://www.reddit.com/r/womenintech/comments/1dqlo8n/is_this_a_thing/,180,72,5/1/2025
1dolpyh,https://www.reddit.com/r/womenintech/comments/1dolpyh/ever_had_outreach_backfire_gave_a_career_talk_and/,177,60,5/1/2025
1g2tys1,https://www.reddit.com/r/womenintech/comments/1g2tys1/data_shows_investors_cough_men_trust_men_to_build/,180,28,5/1/2025
1g1kn0t,https://www.reddit.com/r/womenintech/comments/1g1kn0t/wanting_to_leave_tech_and_coping_with_pay_decrease/,177,97,5/1/2025
1gn7ser,https://www.reddit.com/r/womenintech/comments/1gn7ser/is_this_weird_maybe_sexist/,175,61,5/1/2025
1ebgak3,https://www.reddit.com/r/womenintech/comments/1ebgak3/pleasantly_surprised_by_reactions_to_my_pregnancy/,177,9,5/1/2025
1e86f80,https://www.nytimes.com/2024/07/12/business/glass-cliff-effect.html?smid=li-nytimes&smtyp=cur,174,13,5/1/2025
1hapbkf,https://www.reddit.com/r/womenintech/comments/1hapbkf/interviews_where_the_vibe_is_off/,174,34,5/1/2025
1gjs83a,https://www.reddit.com/r/womenintech/comments/1gjs83a/where_do_experienced_women_go/,174,94,5/1/2025
1fxayqt,https://v.redd.it/09r8uvbx63td1,175,40,5/1/2025
1g0l91h,https://www.reddit.com/r/womenintech/comments/1g0l91h/how_has_the_current_tech_job_market_affected/,175,69,5/1/2025
1gllmy4,https://www.reddit.com/r/womenintech/comments/1gllmy4/advice_needed_vp_of_engineering_scheduled_a/,173,104,5/1/2025
1fspb5y,https://www.reddit.com/r/womenintech/comments/1fspb5y/why_oh_why/,169,16,5/1/2025
1gy19ip,https://www.reddit.com/r/womenintech/comments/1gy19ip/are_the_tech_layoffs_ruining_your_passion_for_the/,165,60,5/1/2025
1gs2svd,https://www.nextgov.com/people/2024/11/major-federal-it-contracts-remove-unnecessary-degree-requirements/401017/,166,27,5/1/2025
1daaeyc,https://www.reddit.com/r/womenintech/comments/1daaeyc/how_do_women_in_tech_do_it/,168,83,5/1/2025
1excxa3,https://www.reddit.com/r/womenintech/comments/1excxa3/what_prompted_you_to_seek_therapy_since_starting/,167,66,5/1/2025
1d2zc8h,https://www.reddit.com/r/womenintech/comments/1d2zc8h/what_do_you_think_can_be_done_to_make_tech_a/,164,256,5/1/2025
1ef90iy,https://www.reddit.com/r/womenintech/comments/1ef90iy/ive_been_unemployed_16_months/,162,75,5/1/2025
1cd1b3j,https://www.reddit.com/r/womenintech/comments/1cd1b3j/what_do_you_talk_about_in_your_11_with_your/,163,65,5/1/2025
1gdt0pt,https://www.reddit.com/r/womenintech/comments/1gdt0pt/anyone_here_work_for_netflix_is_it_worth_it/,161,63,5/1/2025
1ftjlxc,https://www.reddit.com/r/womenintech/comments/1ftjlxc/seeking_virtual_hugs/,160,30,5/1/2025
1fcxv5h,https://www.reddit.com/r/womenintech/comments/1fcxv5h/what_do_yall_do_to_ensure_youre_not_pulling_the/,160,34,5/1/2025
1ezw3w1,https://www.reddit.com/r/womenintech/comments/1ezw3w1/coworker_said_ceo_responds_better_to_men/,158,14,5/1/2025
1ebdtpw,https://www.reddit.com/r/womenintech/comments/1ebdtpw/i_just_had_to_name_drop_my_manager_spoiler_alert/,157,15,5/1/2025
1cjbedi,https://i.redd.it/see9isbub8yc1.jpeg,157,5,5/1/2025
1fz63ey,https://www.reddit.com/r/womenintech/comments/1fz63ey/you_know_what_grinds_my_gears/,158,36,5/1/2025
1g0b9cw,https://i.redd.it/ezsnjk181vtd1.jpeg,156,19,5/1/2025
1emz47o,https://www.reddit.com/r/womenintech/comments/1emz47o/vent_job_market_just_utterly_sucks/,155,31,5/1/2025
1hi631q,https://www.reddit.com/r/womenintech/comments/1hi631q/would_you_accept_a_job_with_double_the_salary_if/,151,185,5/1/2025
1h9nvk9,https://www.reddit.com/r/womenintech/comments/1h9nvk9/has_anyone_done_research_on_the_appearance_that/,153,70,5/1/2025
1f4b8xs,https://www.reddit.com/r/womenintech/comments/1f4b8xs/i_have_an_attitude_problem_at_work/,151,32,5/1/2025
1ctn63j,https://www.reddit.com/r/womenintech/comments/1ctn63j/how_do_you_cope_with_the_votality_of_the_market/,152,88,5/1/2025
1h6vpuy,https://www.reddit.com/r/womenintech/comments/1h6vpuy/new_woman_on_an_all_male_team/,152,50,5/1/2025
1f6g0ck,https://www.reddit.com/r/womenintech/comments/1f6g0ck/layoffs_and_coping/,154,61,5/1/2025
1dz68my,https://www.reddit.com/r/womenintech/comments/1dz68my/if_i_push_too_much_im_nagging_if_i_dont_im_not/,151,34,5/1/2025
1haeukv,https://www.reddit.com/r/womenintech/comments/1haeukv/is_your_so_in_tech/,148,227,5/1/2025
1dzte7u,https://www.reddit.com/r/womenintech/comments/1dzte7u/male_colleague_mocked_my_question_today/,149,31,5/1/2025
1cocipb,https://www.reddit.com/r/womenintech/comments/1cocipb/nearly_burst_into_tears_when_telling_my_manager_i/,150,21,5/1/2025
1gya2ko,https://www.reddit.com/r/womenintech/comments/1gya2ko/tech_sis_look/,149,79,5/1/2025
1g0q1it,https://www.reddit.com/r/womenintech/comments/1g0q1it/curious_if_theres_a_name_for_this/,149,39,5/1/2025
1f1m0te,https://www.reddit.com/r/womenintech/comments/1f1m0te/my_manager_casually_says_thats_so_gay/,148,136,5/1/2025
1fks5zt,https://www.reddit.com/r/womenintech/comments/1fks5zt/heres_what_i_learned_about_workplace_sexual/,146,13,5/1/2025
1g2hwto,https://www.reddit.com/r/womenintech/comments/1g2hwto/women_with_10_years_of_experience_what_advice/,146,152,5/1/2025
1d0y0oj,https://www.reddit.com/r/womenintech/comments/1d0y0oj/do_you_like_working_in_tech_or_do_you_do_it/,147,112,5/1/2025
1gcg1sr,https://www.reddit.com/r/womenintech/comments/1gcg1sr/dealing_with_the_guy_on_my_team_who_tries_to_lead/,145,65,5/1/2025
1gveyxq,https://www.reddit.com/r/womenintech/comments/1gveyxq/navigating_being_excluded_from_the_boys_club/,141,31,5/1/2025
1fycv8t,https://www.reddit.com/r/womenintech/comments/1fycv8t/my_sexist_manager_just_said_his_wife_got_herself/,143,45,5/1/2025
1dpktim,https://www.reddit.com/r/womenintech/comments/1dpktim/an_experience_from_today_im_frustrated/,143,16,5/1/2025
1d290cs,https://www.reddit.com/r/womenintech/comments/1d290cs/invisible_technologies_warning/,142,10,5/1/2025
1g3lyqg,https://www.reddit.com/r/womenintech/comments/1g3lyqg/6_month_job_hunt_a_horror_story_need_emergency/,141,78,5/1/2025
1do9wvs,https://www.reddit.com/r/womenintech/comments/1do9wvs/how_are_yall_handling_conflicts_with_men_at_work/,141,81,5/1/2025
1h7htkb,https://www.reddit.com/r/womenintech/comments/1h7htkb/are_you_deemed_not_technical_enough/,140,68,5/1/2025
1fbaw8q,https://www.reddit.com/r/womenintech/comments/1fbaw8q/is_it_possible_to_start_transitioning_into_tech/,141,121,5/1/2025
1gqdxfg,https://www.reddit.com/r/womenintech/comments/1gqdxfg/a_34yr_male_developer_is_grabbing_my_upper_hand/,138,84,5/1/2025
1gatxrm,https://www.reddit.com/r/womenintech/comments/1gatxrm/i_am_so_tired_of_job_hunting/,136,51,5/1/2025
1g6rqku,https://www.reddit.com/r/womenintech/comments/1g6rqku/i_clicked_on_the_phishing_test/,136,123,5/1/2025
1cc6pru,https://www.reddit.com/r/womenintech/comments/1cc6pru/nontech_tech_roles_that_are_stable/,134,126,5/1/2025
1hm0k6m,https://www.reddit.com/r/womenintech/comments/1hm0k6m/help_im_being_anonymously_harassed_online/,134,73,5/1/2025
1go48pd,https://www.reddit.com/r/womenintech/comments/1go48pd/am_i_being_too_sensitive_about_this/,134,56,5/1/2025
1fogr4z,https://www.reddit.com/r/womenintech/comments/1fogr4z/thank_you_joe_now_that_is_a_logical_answer/,133,30,5/1/2025
1g4d56g,https://www.reddit.com/r/womenintech/comments/1g4d56g/if_tech_jobs_didnt_pay_much_would_people_still/,132,145,5/1/2025
1gmvkdh,https://www.reddit.com/r/womenintech/comments/1gmvkdh/i_work_in_it_and_every_job_ive_had_ive_always/,130,21,5/1/2025
1ejwl6a,https://www.reddit.com/r/womenintech/comments/1ejwl6a/im_struggling_with_live_coding_interviews/,132,53,5/1/2025
1h2s9mj,https://www.reddit.com/r/womenintech/comments/1h2s9mj/any_women_feel_like_we_have_to_muster_through/,133,124,5/1/2025
1ermba3,https://www.reddit.com/r/womenintech/comments/1ermba3/any_programmersdevelopers_out_there_counting_down/,132,35,5/1/2025
1gkiocr,https://www.reddit.com/r/womenintech/comments/1gkiocr/i_have_become_the_toxic_person_at_work_i_need_help/,129,42,5/1/2025
1cogydj,https://www.reddit.com/r/womenintech/comments/1cogydj/how_to_screen_out_toxicsexist_companies_so_you/,129,52,5/1/2025
1h0ecgi,https://www.reddit.com/r/womenintech/comments/1h0ecgi/anyone_feeling_demoralized_right_now/,127,26,5/1/2025
1e1vdbc,https://www.reddit.com/r/womenintech/comments/1e1vdbc/calling_women_in_tech_making_over_150k/,127,117,5/1/2025
1cn7kew,https://www.reddit.com/r/womenintech/comments/1cn7kew/quiet_firing/,128,49,5/1/2025
1f0lf1y,https://www.reddit.com/r/womenintech/comments/1f0lf1y/still_in_college_has_anyone_had_this_problem/,125,61,5/1/2025
1hj01r7,https://m.youtube.com/watch?v=Dek5HtNdIHY&pp=ygUdc2lsaWNvbiB2YWxsZXkgaGlyaW5nIGEgd29tYW4%3D,127,21,5/1/2025
1h918pk,https://www.reddit.com/r/womenintech/comments/1h918pk/anyone_getting_paid_less_after_layoff_and_not/,126,55,5/1/2025
1gueq8q,https://www.reddit.com/r/womenintech/comments/1gueq8q/laid_off_twice_and_my_experiences_in_tech_as_a/,125,33,5/1/2025
1egtxu7,https://www.reddit.com/r/womenintech/comments/1egtxu7/should_i_keep_my_age_a_secret/,124,60,5/1/2025
1gw51jg,https://www.reddit.com/r/womenintech/comments/1gw51jg/does_this_happen_to_you_work_events_and_drinking/,124,64,5/1/2025
1fqt73m,https://www.reddit.com/r/womenintech/comments/1fqt73m/i_may_actually_be_invisible/,127,7,5/1/2025
1ezn5hw,https://www.reddit.com/r/womenintech/comments/1ezn5hw/getting_interrupted_and_mansplained_in_meetings/,126,47,5/1/2025
1ghvu09,https://www.reddit.com/r/womenintech/comments/1ghvu09/are_there_any_black_ladies_in_coding/,121,58,5/1/2025
1fzuzur,https://www.reddit.com/r/womenintech/comments/1fzuzur/i_want_to_quit_to_badly_i_cry_everyday_at_work/,123,14,5/1/2025
1fox8pb,https://www.reddit.com/r/womenintech/comments/1fox8pb/wanted_to_share_a_good_moment_with_you_all/,120,4,5/1/2025
1dz28ev,https://www.reddit.com/r/womenintech/comments/1dz28ev/leaving_tech_due_to_ptsd/,118,54,5/1/2025
1gmu19n,https://www.reddit.com/r/womenintech/comments/1gmu19n/unpopular_opinion_maybe_its_just_all_work/,118,40,5/1/2025
1evrqd5,https://www.reddit.com/r/womenintech/comments/1evrqd5/has_anyone_done_a_short_term_disability_leave/,116,112,5/1/2025
1eg062g,https://www.reddit.com/r/womenintech/comments/1eg062g/i_dont_like_my_manager/,118,26,5/1/2025
1evswp7,https://www.reddit.com/r/womenintech/comments/1evswp7/extreme_burnout_and_mental_health_issues_can/,116,59,5/1/2025
1fugas2,https://www.reddit.com/r/womenintech/comments/1fugas2/i_give_up/,116,15,5/1/2025
1gg6tnb,https://www.reddit.com/r/womenintech/comments/1gg6tnb/married_women_how_did_you_find_a_trustworthy_man/,118,97,5/1/2025
1fv5ea8,https://www.reddit.com/r/womenintech/comments/1fv5ea8/miserable_at_work_at_what_point_would_you/,117,98,5/1/2025
1gpay9s,https://www.reddit.com/r/womenintech/comments/1gpay9s/so_whats_your_career_backup_plan/,115,159,5/1/2025
1d8wqo6,https://www.reddit.com/r/womenintech/comments/1d8wqo6/do_your_coworkers_talk_to_you_no_really/,113,51,5/1/2025
1h54qt6,https://www.reddit.com/r/womenintech/comments/1h54qt6/blocked_my_old_manager_on_li_and_he_followed_me/,111,31,5/1/2025
1fqubki,https://www.reddit.com/r/womenintech/comments/1fqubki/aita_for_being_transparent_with_a_coworker_which/,115,57,5/1/2025
1dip0je,https://www.reddit.com/r/womenintech/comments/1dip0je/the_good_and_the_bad_about_the_job_market_right/,111,48,5/1/2025
1gjuvy3,https://www.reddit.com/r/womenintech/comments/1gjuvy3/how_to_overcome_not_seeing_a_future_for_yourself/,112,16,5/1/2025
1ekbh24,https://www.reddit.com/r/womenintech/comments/1ekbh24/looking_to_give_back/,109,38,5/1/2025
1czlaps,https://www.reddit.com/r/womenintech/comments/1czlaps/missed_a_meeting_because_of_crampssleeping_how/,111,73,5/1/2025
1h93yjj,https://www.reddit.com/r/womenintech/comments/1h93yjj/why_there_is_no_unions_in_tech/,110,63,5/1/2025
1g0a6in,https://www.reddit.com/r/womenintech/comments/1g0a6in/ghc24_career_fair_was_garbage/,110,31,5/1/2025
1g79c5e,http://i.imgur.com/xJpPuvX.jpg,111,3,5/1/2025
1ffbdoi,https://www.reddit.com/r/womenintech/comments/1ffbdoi/does_any_of_you_feel_like_you_are_pushed_to/,108,53,5/1/2025
1fenj02,https://www.reddit.com/r/womenintech/comments/1fenj02/thinking_of_quitting_tech/,110,63,5/1/2025
1fqknzi,https://www.reddit.com/r/womenintech/comments/1fqknzi/dealing_with_objectification_and_harassment_at/,106,64,5/1/2025
1h6x72t,https://www.reddit.com/r/womenintech/comments/1h6x72t/whats_the_most_absurd_thing_someones_said_to_you/,106,210,5/1/2025
1g49omr,https://www.reddit.com/r/womenintech/comments/1g49omr/work_sabotage/,108,40,5/1/2025
1g5mx1i,https://www.reddit.com/r/womenintech/comments/1g5mx1i/im_still_grieving_my_laid_off_mentor/,106,22,5/1/2025
1fu7ksg,https://www.reddit.com/r/womenintech/comments/1fu7ksg/how_are_you_supposed_to_react_to_a_raise/,103,33,5/1/2025
1hnns2h,https://www.reddit.com/r/womenintech/comments/1hnns2h/how_do_yall_mitigate_neck_and_back_pain_from_the/,100,55,5/1/2025
1fdftjx,https://www.reddit.com/r/womenintech/comments/1fdftjx/i_only_mostly_do_work_that_ive_done_100_of/,103,38,5/1/2025
1cgg46e,https://www.reddit.com/r/womenintech/comments/1cgg46e/there_is_no_point_in_applying_for_jobs/,104,81,5/1/2025
1gxtzd9,https://www.reddit.com/r/womenintech/comments/1gxtzd9/women_who_are_doing_well_in_tech_how_and_what_can/,102,44,5/1/2025
1fj74nd,https://www.reddit.com/r/womenintech/comments/1fj74nd/a_lone_woman_in_a_it_group_full_of_men/,102,59,5/1/2025
1fi6r0s,https://www.reddit.com/r/womenintech/comments/1fi6r0s/im_so_tired/,103,41,5/1/2025
1do9bx3,https://www.reddit.com/r/womenintech/comments/1do9bx3/i_remember_the_time_when_i_thought_it_is_the/,103,19,5/1/2025
1gv7qfw,https://www.reddit.com/r/womenintech/comments/1gv7qfw/be_careful_with_working_for_globant/,102,21,5/1/2025
1h5pdj2,https://www.reddit.com/r/womenintech/comments/1h5pdj2/being_too_nice_at_work/,98,24,5/1/2025
1goymhc,https://www.reddit.com/r/womenintech/comments/1goymhc/has_anyone_left_the_tech_industry_or_switched/,102,48,5/1/2025
1eifxy9,https://www.reddit.com/r/womenintech/comments/1eifxy9/update_new_job/,100,6,5/1/2025
1gfyoyn,https://www.reddit.com/r/womenintech/comments/1gfyoyn/youre_not_a_leader_what_does_that_even_mean_and/,98,21,5/1/2025
1de40m9,https://www.reddit.com/r/womenintech/comments/1de40m9/funny_story/,97,6,5/1/2025
1guk4en,https://www.reddit.com/r/womenintech/comments/1guk4en/how_to_fall_in_love_with_tech_again/,95,31,5/1/2025
1gmjufa,https://www.reddit.com/r/womenintech/comments/1gmjufa/ally_here_wondering_if_any_of_you_all_would_want/,97,36,5/1/2025
1fpkub6,https://www.reddit.com/r/womenintech/comments/1fpkub6/i_dont_know_how_to_control_my_face/,99,45,5/1/2025
1ccbn6s,https://i.redd.it/hbuzfzsb7iwc1.jpeg,99,14,5/1/2025
1fdgadm,https://www.reddit.com/r/womenintech/comments/1fdgadm/withdrew_job_application/,98,37,5/1/2025
1exnn3l,https://www.reddit.com/r/womenintech/comments/1exnn3l/take_offer_of_job_w_a_company_1_step_below_faang/,97,126,5/1/2025
1emv1tu,https://www.reddit.com/r/womenintech/comments/1emv1tu/feeling_stuck_as_a_young_woman_in_tech/,97,35,5/1/2025
1h5u4bn,https://www.reddit.com/r/womenintech/comments/1h5u4bn/finally_got_3_upcoming_interviews_for_jobs/,96,9,5/1/2025
1gq1p0v,https://www.reddit.com/r/womenintech/comments/1gq1p0v/anonymous_i_think_my_boss_is_a_creep/,95,48,5/1/2025
1eyuf01,https://www.reddit.com/r/womenintech/comments/1eyuf01/girls_i_need_your_support_3/,95,57,5/1/2025
1dwa82t,https://www.reddit.com/r/womenintech/comments/1dwa82t/pushing_femininity_to_an_extreme_when_joining_a/,97,46,5/1/2025
1duvdlu,https://www.reddit.com/r/womenintech/comments/1duvdlu/male_employee_doesnt_respect_me/,96,71,5/1/2025
1djfr4o,https://www.reddit.com/r/womenintech/comments/1djfr4o/team_lead_told_me_thats_not_how_software/,95,50,5/1/2025
1gqxak8,https://www.reddit.com/r/womenintech/comments/1gqxak8/im_in_university_and_i_hate_everyone_around_me/,95,31,5/1/2025
1f17ezc,https://www.reddit.com/gallery/1f17ezc,94,22,5/1/2025
1du8wli,https://i.redd.it/56e5r9tre9ad1.png,95,7,5/1/2025
1cnok5c,https://www.reddit.com/r/womenintech/comments/1cnok5c/passing_on_what_was_recommended_to_me_when/,92,0,5/1/2025
1cekb4s,https://www.reddit.com/r/womenintech/comments/1cekb4s/what_would_you_do/,93,33,5/1/2025
1h4w8em,https://www.reddit.com/r/womenintech/comments/1h4w8em/question_for_women_in_tech_why_is_everything_so/,92,69,5/1/2025
1gmut0m,https://www.reddit.com/r/womenintech/comments/1gmut0m/why_do_you_think_you_succeeded_in_tech/,93,89,5/1/2025
1g4xnbs,https://www.reddit.com/r/womenintech/comments/1g4xnbs/closing_female_founder_gap/,94,34,5/1/2025
1etopho,https://i.redd.it/d0h8gynz11jd1.jpeg,91,55,5/1/2025
1gzruw1,https://www.reddit.com/r/womenintech/comments/1gzruw1/manager_sabotaging_me/,90,19,5/1/2025
1gaayo8,https://i.redd.it/xl2ol6i0giwd1.jpeg,88,50,5/1/2025
1cxm2d3,https://www.reddit.com/r/womenintech/comments/1cxm2d3/im_so_tired_of_going_to_networking_event_and/,91,18,5/1/2025
1gyryrw,https://www.reddit.com/r/womenintech/comments/1gyryrw/what_do_before_during_and_after_layoff/,92,10,5/1/2025
1ffwdaj,https://www.reddit.com/r/womenintech/comments/1ffwdaj/who_helped_you_the_most_in_your_career_in_tech/,90,38,5/1/2025
1fv1bou,https://www.reddit.com/r/womenintech/comments/1fv1bou/nervous_to_start_coding_as_a_teenage_girl/,87,28,5/1/2025
1eynvmr,https://www.reddit.com/r/womenintech/comments/1eynvmr/8_years_in_it_i_want_to_quit/,87,16,5/1/2025
1cw2zma,https://www.hiretechladies.com/jobs,85,10,5/1/2025
1f9m0qn,https://www.reddit.com/r/womenintech/comments/1f9m0qn/complete_burnout_what_next/,85,29,5/1/2025
1extrm6,https://www.reddit.com/r/womenintech/comments/1extrm6/had_to_push_back_on_pmglue_work_again/,82,6,5/1/2025
1elwtlq,https://www.reddit.com/r/womenintech/comments/1elwtlq/dating_as_a_women_in_tech/,82,70,5/1/2025
1efeiz5,https://www.reddit.com/r/womenintech/comments/1efeiz5/getting_out_of_software_engineering/,79,30,5/1/2025
1dbo28d,https://www.reddit.com/r/womenintech/comments/1dbo28d/two_years_after_leaving_a_unicorn_startupstill/,81,30,5/1/2025
1cwnzcu,https://www.reddit.com/r/womenintech/comments/1cwnzcu/what_if_iwe_leave_tech/,81,86,5/1/2025
1gb14qu,https://www.reddit.com/r/womenintech/comments/1gb14qu/have_you_ever_been_trapped_in_a_job_by_an/,80,39,5/1/2025
1g830da,https://www.reddit.com/r/womenintech/comments/1g830da/my_theory_for_why_women_feel_threatened_by_other/,79,39,5/1/2025
1hokzxm,https://www.reddit.com/r/womenintech/comments/1hokzxm/people_abuses_of_linkedin/,80,26,5/1/2025
1f7blni,https://www.reddit.com/r/womenintech/comments/1f7blni/going_back_to_work_after_a_long_layoff/,81,21,5/1/2025
1cr6d43,https://www.reddit.com/r/womenintech/comments/1cr6d43/boss_said_he_shut_down_engineering_forum_instead/,80,12,5/1/2025
1fn5p0f,https://www.reddit.com/r/womenintech/comments/1fn5p0f/tired_of_searching_for_jobs/,79,23,5/1/2025
1d3dxxx,https://i.redd.it/f0fyy4zgod3d1.jpeg,78,101,5/1/2025
1gwm9hh,https://www.reddit.com/r/womenintech/comments/1gwm9hh/youre_not_alone_support_and_encouragement_for/,77,3,5/1/2025
1gr86p2,https://www.reddit.com/r/womenintech/comments/1gr86p2/im_dealing_with_a_lot_atm_and_im_not_productive/,79,19,5/1/2025
1g94mmh,https://www.reddit.com/r/womenintech/comments/1g94mmh/can_someone_please_give_me_their_honest_to_god/,74,106,5/1/2025
1g4wse0,https://www.reddit.com/r/womenintech/comments/1g4wse0/archetypes_at_crypto_startups/,75,26,5/1/2025
1ftgv7z,https://www.reddit.com/r/womenintech/comments/1ftgv7z/denied_female_tech_mentor/,77,17,5/1/2025
1d1h8i7,https://www.reddit.com/r/womenintech/comments/1d1h8i7/how_true_is_it_that_nonamerican_sounding_names/,76,63,5/1/2025
1gka8cf,https://www.noidea.dog/glue,74,11,5/1/2025
1f1mx5s,https://www.reddit.com/r/womenintech/comments/1f1mx5s/how_do_you_get_along_with_other_women_in_tech_if/,73,61,5/1/2025
1dixq0y,https://www.reddit.com/r/womenintech/comments/1dixq0y/team_mate_tells_team_daily_in_stand_up_he_is/,79,15,5/1/2025
1ez69tq,https://www.reddit.com/r/womenintech/comments/1ez69tq/more_women_need_to_be_in_development/,76,4,5/1/2025
1epb8ol,https://www.reddit.com/r/womenintech/comments/1epb8ol/whats_the_worst_excuse_youve_heard_while_getting/,76,14,5/1/2025
1hj2e7t,https://i.redd.it/r67icm7os48e1.jpeg,72,18,5/1/2025
1gphk12,https://www.reddit.com/r/womenintech/comments/1gphk12/struggling_with_a_colleague_who_constantly/,74,17,5/1/2025
1geb7rt,https://www.reddit.com/r/womenintech/comments/1geb7rt/mandatory_10_pm_once_a_week_and_occasional_5_am/,77,46,5/1/2025
1eadb4c,https://www.reddit.com/r/womenintech/comments/1eadb4c/what_would_you_wear_no_dress_code/,74,89,5/1/2025
1hbvhh1,https://www.reddit.com/r/womenintech/comments/1hbvhh1/at_burnt_out_and_pregnant/,72,30,5/1/2025
1fo3el5,https://www.reddit.com/r/womenintech/comments/1fo3el5/post_faang_companies_to_work_at/,72,53,5/1/2025
1gl44dq,https://www.reddit.com/r/womenintech/comments/1gl44dq/usbased_workplace_tips/,72,3,5/1/2025
1dw5mna,https://www.reddit.com/r/womenintech/comments/1dw5mna/best_responses_to_i_know_just_enough_to_be/,74,53,5/1/2025
1d2pw8w,https://www.reddit.com/r/womenintech/comments/1d2pw8w/update_how_to_help_a_junior_female_developer/,72,11,5/1/2025
1ce3e2l,https://www.reddit.com/r/womenintech/comments/1ce3e2l/dei_only_a_token_in_tech/,72,60,5/1/2025
1h9c6kz,https://www.reddit.com/r/womenintech/comments/1h9c6kz/has_anyone_tried_to_change_the_name_on_their/,71,75,5/1/2025
1gy4aso,https://www.reddit.com/r/womenintech/comments/1gy4aso/what_would_you_do_now_if_you_know_youre_going_to/,72,40,5/1/2025
1e70tyu,https://www.reddit.com/r/womenintech/comments/1e70tyu/too_assertive/,71,24,5/1/2025
1gvg74j,https://www.reddit.com/r/womenintech/comments/1gvg74j/dude_bros_in_seo_drive_me_insane/,69,22,5/1/2025
1dfwsob,https://www.reddit.com/r/womenintech/comments/1dfwsob/black_women_and_latinas_what_am_i_doing_wrong/,70,71,5/1/2025
1hb0rp6,https://www.reddit.com/r/womenintech/comments/1hb0rp6/transferred_from_support_to_swe_woo/,71,20,5/1/2025
1h7w3mk,https://www.reddit.com/r/womenintech/comments/1h7w3mk/is_anyone_getting_jobs/,70,38,5/1/2025
1grphw2,https://www.reddit.com/r/womenintech/comments/1grphw2/is_it_normal_for_your_manager_to_ask_relationship/,69,40,5/1/2025
1g5h2y2,https://www.reddit.com/r/womenintech/comments/1g5h2y2/how_do_you_deal_with_being_avoided/,70,17,5/1/2025
1g3vxt8,https://www.reddit.com/r/womenintech/comments/1g3vxt8/help_burnt_out_from_applying_for_jobs_that_are/,68,38,5/1/2025
1fg9ct8,https://www.reddit.com/r/womenintech/comments/1fg9ct8/manager_who_hired_me_as_entrylevel_hates_my/,71,20,5/1/2025
1fdgs3n,https://www.reddit.com/r/womenintech/comments/1fdgs3n/what_rejuvenates_you_outside_of_work/,66,61,5/1/2025
1dt2jlm,https://www.reddit.com/r/womenintech/comments/1dt2jlm/how_to_deal_with_managers_being_friends_with_your/,71,21,5/1/2025
1et69xr,https://www.reddit.com/r/womenintech/comments/1et69xr/post_over_on_rpaloaltonetworks/,69,10,5/1/2025
1ekqjsx,https://www.reddit.com/r/womenintech/comments/1ekqjsx/women_over_40_in_tech_has_anyone_made_a_career/,70,18,5/1/2025
1gl3kin,https://www.reddit.com/r/womenintech/comments/1gl3kin/i_hit_a_breaking_point_i_need_support/,67,34,5/1/2025
1gf3sbi,https://www.reddit.com/r/womenintech/comments/1gf3sbi/surviving_corporate_america_in_2024/,67,16,5/1/2025
1fld0gx,https://www.reddit.com/r/womenintech/comments/1fld0gx/are_coding_bootcamps_still_worth_it_in_2024/,66,67,5/1/2025
1d71xhj,https://www.reddit.com/r/womenintech/comments/1d71xhj/wish_me_luck/,67,5,5/1/2025
1crwj9t,https://www.reddit.com/r/womenintech/comments/1crwj9t/3_contracts_and_an_llc/,66,26,5/1/2025
1gvxg16,https://www.reddit.com/r/womenintech/comments/1gvxg16/when_did_you_let_your_manager_know_you_are/,65,73,5/1/2025
1grg15d,https://www.reddit.com/r/womenintech/comments/1grg15d/how_can_women_find_women_for_partnerships/,64,12,5/1/2025
1gcfx7b,https://www.reddit.com/r/womenintech/comments/1gcfx7b/i_feel_like_i_am_being_pushed_out_and_i_hate_it/,64,19,5/1/2025
1g2bxxb,https://www.reddit.com/r/womenintech/comments/1g2bxxb/is_this_normal/,63,38,5/1/2025
1e1tpot,https://www.reddit.com/r/womenintech/comments/1e1tpot/unwelcome_advances/,63,36,5/1/2025
1d9msts,https://www.reddit.com/r/womenintech/comments/1d9msts/anyone_feel_like_they_got_a_job_they_were_in_over/,65,25,5/1/2025
1ce0vb5,https://www.reddit.com/r/womenintech/comments/1ce0vb5/sexist_guys_on_server/,65,29,5/1/2025
1fmwxo1,https://www.reddit.com/r/womenintech/comments/1fmwxo1/go_to_hr/,65,27,5/1/2025
1geb3hh,https://www.reddit.com/r/womenintech/comments/1geb3hh/constantly_pushed_into_public_facing_or/,63,23,5/1/2025
1g8rjqt,https://www.reddit.com/r/womenintech/comments/1g8rjqt/laid_off_and_not_prepared/,61,28,5/1/2025
1g5z94f,https://www.reddit.com/r/womenintech/comments/1g5z94f/whats_up_with_serverless_aws_jobs_that_pay_250k/,61,66,5/1/2025
1fsvte3,https://www.reddit.com/r/womenintech/comments/1fsvte3/say_someone_wanted_to_change_the_industry_what/,65,39,5/1/2025
1fhobu9,https://www.reddit.com/r/womenintech/comments/1fhobu9/overwhelmedunhappy_at_new_job/,63,41,5/1/2025
1ekzyca,https://www.reddit.com/r/womenintech/comments/1ekzyca/unfair_hiring_practice/,63,25,5/1/2025
1g7ime8,https://www.reddit.com/r/womenintech/comments/1g7ime8/what_would_it_mean_to_build_a_feminist_company/,63,102,5/1/2025
1flgalt,https://www.reddit.com/r/womenintech/comments/1flgalt/anyone_ever_felt_they_took_a_step_backwards_in/,60,25,5/1/2025
1e5m1xb,https://www.reddit.com/r/womenintech/comments/1e5m1xb/dealing_with_other_teams_male_managers/,59,12,5/1/2025
1cpxtba,https://www.reddit.com/r/womenintech/comments/1cpxtba/self_promotion_in_tech/,60,20,5/1/2025
1gr4boo,https://www.reddit.com/gallery/1gr4969,61,23,5/1/2025
1gqol2f,https://www.reddit.com/r/womenintech/comments/1gqol2f/anyone_take_the_google_hiring_assessment_recently/,61,21,5/1/2025
1fsj76t,https://www.reddit.com/r/womenintech/comments/1fsj76t/did_any_of_you_guys_take_a_transitional_job_that/,61,20,5/1/2025
1cssx83,https://www.reddit.com/r/womenintech/comments/1cssx83/what_would_you_do_ceos_son_missing_a_deadline_to/,59,46,5/1/2025
1gau9so,https://www.reddit.com/r/womenintech/comments/1gau9so/vent_im_exhausted/,62,26,5/1/2025
1dc8h3i,https://www.reddit.com/r/womenintech/comments/1dc8h3i/stay_at_home_mom_fantasy/,61,45,5/1/2025
1cmaxd1,https://www.reddit.com/r/womenintech/comments/1cmaxd1/do_nontechnical_jobs_in_tech_that_pay_well_and/,60,70,5/1/2025
1hivg3e,https://www.reddit.com/r/womenintech/comments/1hivg3e/whats_it_like_being_a_woman_in_ml/,59,30,5/1/2025
1ge24co,https://www.reddit.com/r/womenintech/comments/1ge24co/struggling_postlayoffs/,59,15,5/1/2025
1g8xry3,https://www.reddit.com/r/womenintech/comments/1g8xry3/job_hunting_asked_for_four_references_before_a/,62,13,5/1/2025
1ec39vb,https://www.reddit.com/r/womenintech/comments/1ec39vb/women_in_networking_it/,58,27,5/1/2025
1eacc1i,https://www.reddit.com/r/womenintech/comments/1eacc1i/am_i_overreacting_to_this_comment/,59,47,5/1/2025
1dq9ker,https://www.reddit.com/r/womenintech/comments/1dq9ker/how_to_get_equal_pay_a_stepbystep_guide/,59,28,5/1/2025
1d90sir,https://www.reddit.com/r/womenintech/comments/1d90sir/why_so_much_guilt_job_searching/,60,17,5/1/2025
1co4gtx,https://www.reddit.com/r/womenintech/comments/1co4gtx/interview_attire_and_etiquette/,59,90,5/1/2025
1hbiok1,https://www.reddit.com/r/womenintech/comments/1hbiok1/ladies_what_are_your_work_essentials/,61,62,5/1/2025
1gu32um,https://www.reddit.com/r/womenintech/comments/1gu32um/how_to_deal_with_people_signing_off_your_work/,58,18,5/1/2025
1feuoq4,https://www.reddit.com/r/womenintech/comments/1feuoq4/what_do_you_wish_you_knew_when_starting_out_in/,58,29,5/1/2025
1f22yat,https://www.reddit.com/r/womenintech/comments/1f22yat/dilemma/,58,35,5/1/2025
1etagdh,https://www.reddit.com/r/womenintech/comments/1etagdh/i_want_to_quit_and_change_career/,59,22,5/1/2025
1h6ksnh,https://www.reddit.com/r/womenintech/comments/1h6ksnh/not_sure_if_this_is_related_enough_but_for_those/,57,19,5/1/2025
1fxgp0h,https://www.reddit.com/r/womenintech/comments/1fxgp0h/friend_joked_about_stealing_my_portfolio_website/,57,30,5/1/2025
1ezgz56,https://www.reddit.com/r/womenintech/comments/1ezgz56/my_manager_interrupts_me_most_of_time_when_im/,59,22,5/1/2025
1eraaie,https://www.reddit.com/r/womenintech/comments/1eraaie/venting_hiring_manager_from_hell/,56,10,5/1/2025
1dq121r,https://www.reddit.com/r/womenintech/comments/1dq121r/are_you_worried_about_tech_economy/,55,37,5/1/2025
1ct3x70,https://www.reddit.com/r/womenintech/comments/1ct3x70/i_feel_supported/,57,2,5/1/2025
1h9cnrk,https://www.reddit.com/r/womenintech/comments/1h9cnrk/how_do_you_stop_getting_depressed/,54,23,5/1/2025
1gnoc8t,https://www.reddit.com/r/womenintech/comments/1gnoc8t/why_so_much_gatekeeping/,56,139,5/1/2025
1ghsvmr,https://www.reddit.com/r/womenintech/comments/1ghsvmr/grateful_to_still_be_here/,56,6,5/1/2025
1ggmmam,https://www.reddit.com/r/womenintech/comments/1ggmmam/what_is_keeping_you_up_at_night/,54,35,5/1/2025
1gbvrzu,https://www.reddit.com/r/womenintech/comments/1gbvrzu/meeting_with_manager_about_employee/,56,30,5/1/2025
1fpjbbg,https://www.reddit.com/r/womenintech/comments/1fpjbbg/does_data_count_as_women_in_tech/,56,16,5/1/2025
1exharh,https://www.reddit.com/r/womenintech/comments/1exharh/still_the_only_one_in_the_meetings_vent/,57,6,5/1/2025
1ewbrwy,https://www.reddit.com/r/womenintech/comments/1ewbrwy/extended_an_offer_for_a_contract_position/,57,4,5/1/2025
1esw43e,https://www.knowledgebytes.tech/p/meet-woman-revolutionized-computer-science,55,4,5/1/2025
1dl9rfc,https://www.reddit.com/r/womenintech/comments/1dl9rfc/feminist_fight_club/,56,19,5/1/2025
1dfl6nl,https://www.reddit.com/r/womenintech/comments/1dfl6nl/boss_refuses_to_give_me_work/,57,19,5/1/2025
1hmoi45,https://www.reddit.com/r/womenintech/comments/1hmoi45/feeling_like_leaving_the_field/,55,28,5/1/2025
1gf5s7i,https://www.reddit.com/r/womenintech/comments/1gf5s7i/is_it_okay_to_bring_a_heat_pack_for_cramps_to_the/,54,64,5/1/2025
1ga7o6h,https://www.reddit.com/r/womenintech/comments/1ga7o6h/when_you_are_dismissed_for_being_a_woman_but_you/,52,16,5/1/2025
1fvjcre,https://www.reddit.com/r/womenintech/comments/1fvjcre/feedback_on_communication_style_anyone_else_told/,56,42,5/1/2025
1fumo7n,https://www.reddit.com/r/womenintech/comments/1fumo7n/can_anyone_help_me/,56,68,5/1/2025
1eonv93,https://www.reddit.com/r/womenintech/comments/1eonv93/weirdest_hr_comments_ever/,55,16,5/1/2025
1e6zuc3,https://www.reddit.com/r/womenintech/comments/1e6zuc3/navigate_being_outcasted_in_all_male_team/,55,29,5/1/2025
1gdojky,https://www.reddit.com/r/womenintech/comments/1gdojky/how_can_i_manage/,54,22,5/1/2025
1gatzwl,https://www.reddit.com/r/womenintech/comments/1gatzwl/forced_to_relocate/,54,69,5/1/2025
1fecmwb,https://www.reddit.com/r/womenintech/comments/1fecmwb/still_feeling_imposter_syndrome/,54,27,5/1/2025
1eicsri,https://i.redd.it/nywt9tk6q9gd1.jpeg,56,8,5/1/2025
1goxvim,https://www.reddit.com/r/womenintech/comments/1goxvim/trying_to_get_promoted_boss_appears_to_give_male/,53,33,5/1/2025
1ggkio7,https://www.reddit.com/r/womenintech/comments/1ggkio7/exhausted_from_coding_not_sure_how_to_proceed/,52,23,5/1/2025
1gepgkl,https://www.reddit.com/r/womenintech/comments/1gepgkl/harsh_crowds/,53,2,5/1/2025
1f14z7b,https://www.reddit.com/r/womenintech/comments/1f14z7b/looking_for_stories_on_misogyny_or_just_weird/,51,19,5/1/2025
1ep7rn2,https://www.reddit.com/r/womenintech/comments/1ep7rn2/whats_the_stupidest_reason_youve_been_rejected/,55,63,5/1/2025
1eguww1,https://www.reddit.com/r/womenintech/comments/1eguww1/how_to_let_go_of_work_frustrations/,53,16,5/1/2025
1h03yov,https://www.reddit.com/r/womenintech/comments/1h03yov/onboarding_has_been_rough_director_wants_feedback/,52,23,5/1/2025
1g8mgh2,https://www.reddit.com/r/womenintech/comments/1g8mgh2/got_a_new_job_and_its_really_depressing/,54,11,5/1/2025
1g1i488,https://www.reddit.com/r/womenintech/comments/1g1i488/preconceived_notions_about_my_technical_abilities/,52,14,5/1/2025
1cx8qnz,https://www.reddit.com/r/womenintech/comments/1cx8qnz/how_to_respond_when_asked_to_explain_why_there/,54,35,5/1/2025
1hl7ixn,https://www.reddit.com/r/womenintech/comments/1hl7ixn/feeling_not_tech_enough/,51,21,5/1/2025
1h549bb,https://www.reddit.com/r/womenintech/comments/1h549bb/if_you_would_leave_tech_which_other_role_would_be/,51,44,5/1/2025
1eusbrq,https://www.youtube.com/shorts/UxS4Zv9NAKQ,51,20,5/1/2025
1hl0jvy,https://www.reddit.com/r/womenintech/comments/1hl0jvy/severe_testing_anxiety_and_leetcode_in_interviews/,50,17,5/1/2025
1gye14d,https://www.reddit.com/r/womenintech/comments/1gye14d/how_to_react_to_people_assuming_stuff_about_you/,50,32,5/1/2025
1gb8taf,https://www.reddit.com/r/womenintech/comments/1gb8taf/vent_ahead/,50,15,5/1/2025
1gb5kxg,https://www.reddit.com/r/womenintech/comments/1gb5kxg/any_mid_level_datasoftware_engineers/,48,4,5/1/2025
1g0krhb,https://www.reddit.com/r/womenintech/comments/1g0krhb/how_do_you_work_with_someone_with_a_god_complex/,50,14,5/1/2025
1f9qq3i,https://www.reddit.com/r/womenintech/comments/1f9qq3i/those_who_took_a_loa_for_burnout/,49,25,5/1/2025
1eze2u9,https://www.reddit.com/r/womenintech/comments/1eze2u9/its_getting_very_difficult_in_this_team/,52,15,5/1/2025
1eqqs79,https://www.reddit.com/r/womenintech/comments/1eqqs79/i_received_a_job_offer_but_am_still_interviewing/,50,16,5/1/2025
1ebxca4,https://www.reddit.com/r/womenintech/comments/1ebxca4/is_this_how_it_usually_is/,52,20,5/1/2025
1gde7jg,https://www.reddit.com/r/womenintech/comments/1gde7jg/would_you_take_less_cash_salary_for_a_more_stable/,48,20,5/1/2025
1g9njoq,https://www.reddit.com/r/womenintech/comments/1g9njoq/tips_for_making_working_in_an_office_enjoyable_or/,50,29,5/1/2025
1g6xvxg,https://www.reddit.com/r/womenintech/comments/1g6xvxg/is_it_legit_to_want_to_leave_a_job_that_makes_you/,50,27,5/1/2025
1cpo2z8,https://www.reddit.com/r/womenintech/comments/1cpo2z8/avoid_burnout_for_high_performance_ics/,49,19,5/1/2025
1gu67gn,https://www.reddit.com/r/womenintech/comments/1gu67gn/anyone_starting_on_their_own/,48,1,5/1/2025
1gfb679,https://www.reddit.com/r/womenintech/comments/1gfb679/feeling_defeated/,46,2,5/1/2025
1gcyd2k,https://www.reddit.com/r/womenintech/comments/1gcyd2k/what_size_companies_do_you_find_the_best_to_work/,48,47,5/1/2025
1fyd0uq,https://www.reddit.com/r/womenintech/comments/1fyd0uq/my_coworkers_are_so_professional/,48,8,5/1/2025
1fbm15l,https://www.reddit.com/r/womenintech/comments/1fbm15l/should_i_negotiate_salary_on_a_job_offer_that/,47,24,5/1/2025
1e67v3s,https://www.reddit.com/r/womenintech/comments/1e67v3s/asking_my_manager_to_model_treating_me_with/,49,17,5/1/2025
1cwli4g,https://www.reddit.com/r/womenintech/comments/1cwli4g/what_to_take_from_this_feedback_why_i_am_in_the/,48,9,5/1/2025
1hhkqfv,https://www.reddit.com/r/womenintech/comments/1hhkqfv/know_your_rights/,48,2,5/1/2025
1hfptsy,https://www.reddit.com/r/womenintech/comments/1hfptsy/how_to_put_laid_off_break_on_resume/,47,50,5/1/2025
1has8tj,https://www.reddit.com/r/womenintech/comments/1has8tj/i_need_to_rant_about_my_groupmates/,48,28,5/1/2025
1gjql6u,https://www.reddit.com/r/womenintech/comments/1gjql6u/feeling_isolated/,47,17,5/1/2025
1g16ojq,https://www.reddit.com/r/womenintech/comments/1g16ojq/got_rejected_after_imo_really_good_tech_test/,47,29,5/1/2025
1fgm58a,https://www.reddit.com/r/womenintech/comments/1fgm58a/managers_driving_you_to_leave_current_company/,46,37,5/1/2025
1ekysih,https://www.reddit.com/r/womenintech/comments/1ekysih/having_a_shaved_headbuzzcut_as_a_woman_in_tech/,47,37,5/1/2025
1cm02ke,https://www.reddit.com/r/womenintech/comments/1cm02ke/those_who_have_interdisciplinary_jobs_in_tech/,44,36,5/1/2025
1gv9s5g,https://www.reddit.com/r/womenintech/comments/1gv9s5g/to_stay_in_tech_or_leave/,45,33,5/1/2025
1gp9awo,https://www.reddit.com/r/womenintech/comments/1gp9awo/does_anyone_struggle_to_commit_to_their_artistic/,44,20,5/1/2025
1gf14bt,https://www.reddit.com/r/womenintech/comments/1gf14bt/whats_one_thing_you_wish_someone_had_told_you/,49,116,5/1/2025
1gcd4k2,https://www.reddit.com/r/womenintech/comments/1gcd4k2/new_grad_entering_tech_industry_and_excited/,45,6,5/1/2025
1f8jc9w,https://www.reddit.com/r/womenintech/comments/1f8jc9w/suggestions_for_how_a_company_can_better_support/,47,47,5/1/2025
1e3y99t,https://www.reddit.com/r/womenintech/comments/1e3y99t/how_can_i_get_into_tech_at_my_age40f_or_is_it_too/,48,56,5/1/2025
1dpcrhy,https://www.reddit.com/r/womenintech/comments/1dpcrhy/male_engineer_might_be_sending_odd_messages_to/,46,7,5/1/2025
1d5zak7,https://www.reddit.com/r/womenintech/comments/1d5zak7/im_curious_how_my_tech_savvy_women_feel_about/,44,155,5/1/2025
1hp6jsy,https://www.reddit.com/r/womenintech/comments/1hp6jsy/how_do_you_handle_feeling_singled_out/,46,29,5/1/2025
1gzjgtn,https://www.reddit.com/r/womenintech/comments/1gzjgtn/how_have_you_recovered_from_burnout/,44,63,5/1/2025
1g6j5wr,https://www.reddit.com/r/womenintech/comments/1g6j5wr/were_recruiting_an_allwomen_game_dev_team_godot/,43,14,5/1/2025
1esmp0e,https://www.reddit.com/r/womenintech/comments/1esmp0e/bad_performance_review/,45,13,5/1/2025
1dnnb6v,https://www.reddit.com/r/womenintech/comments/1dnnb6v/i_forgot_what_prime_numbers_are_during_an/,44,20,5/1/2025
1dkgcin,https://arstechnica.com/tech-policy/2024/06/lawsuit-meta-engineer-told-to-resign-after-calling-out-sexist-hiring-practices/,45,6,5/1/2025
1ciict0,https://www.reddit.com/r/womenintech/comments/1ciict0/ive_been_catfished/,46,13,5/1/2025
1fx8zjb,https://www.reddit.com/r/womenintech/comments/1fx8zjb/women_in_tech_how_do_you_feel_about_the_brave_new/,44,67,5/1/2025
1fwc8n1,https://www.reddit.com/r/womenintech/comments/1fwc8n1/navigating_neurodivergence_exacerbated_by_men_any/,41,10,5/1/2025
1fp1lvy,https://www.reddit.com/r/womenintech/comments/1fp1lvy/im_so_tired_of_defending_myself/,46,25,5/1/2025
1do5fcy,https://www.reddit.com/r/womenintech/comments/1do5fcy/how_to_create_friendship_or_good_working/,44,12,5/1/2025
1dnmqtp,https://www.reddit.com/r/womenintech/comments/1dnmqtp/help_explain_to_a_friend_about_gender_bias/,45,19,5/1/2025
1cdd600,https://www.reddit.com/r/womenintech/comments/1cdd600/im_tired_and_its_only_my_second_month/,44,20,5/1/2025
1hf18ea,https://www.reddit.com/r/womenintech/comments/1hf18ea/pregnancy_hormones_and_working_in_the_tech/,44,39,5/1/2025
1gubeoc,https://www.reddit.com/r/womenintech/comments/1gubeoc/do_you_guys_use_fictional_characters_for_accounts/,41,36,5/1/2025
1gkbysp,https://www.reddit.com/r/womenintech/comments/1gkbysp/hey_my_daughter_wants_to_be_an_electrical/,43,43,5/1/2025
1fncgn3,https://www.reddit.com/r/womenintech/comments/1fncgn3/running_into_excolleagues_after_layoff/,45,8,5/1/2025
1fhbizl,https://www.reddit.com/r/womenintech/comments/1fhbizl/13000_monthly_users_6k_daily_pivot_or_soldier_on/,43,27,5/1/2025
1f6hdb9,https://www.reddit.com/r/womenintech/comments/1f6hdb9/have_you_ever_dealt_with_flirting_from_male/,45,30,5/1/2025
1f5y2l7,https://www.reddit.com/r/womenintech/comments/1f5y2l7/is_it_unrealistic_for_me_to_make_this_career/,40,30,5/1/2025
1czkxa3,https://www.reddit.com/r/womenintech/comments/1czkxa3/rant_im_being_switched_to_another_team_and/,43,12,5/1/2025
1cnnfuc,https://www.reddit.com/r/womenintech/comments/1cnnfuc/for_women_who_are_have_got_a_career_in_the_tech/,44,28,5/1/2025
1gm0pdz,https://www.reddit.com/r/womenintech/comments/1gm0pdz/feeling_lost_after_losing_my_job_as_a_junior/,40,13,5/1/2025
1gia5sz,https://www.reddit.com/r/womenintech/comments/1gia5sz/your_general_approach_to_clothing/,40,51,5/1/2025
1gfk56g,https://www.reddit.com/r/womenintech/comments/1gfk56g/how_do_you_all_support_other_women_in_tech/,43,55,5/1/2025
1fxuwv2,https://www.reddit.com/r/womenintech/comments/1fxuwv2/burn_out/,39,15,5/1/2025
1fmagcz,https://www.reddit.com/r/womenintech/comments/1fmagcz/how_do_those_youve_worked_with_justifydeny_their/,43,37,5/1/2025
1fls0qg,https://www.reddit.com/r/womenintech/comments/1fls0qg/excluded_from_projects/,40,16,5/1/2025
1f0zw53,https://www.reddit.com/r/womenintech/comments/1f0zw53/positives/,41,32,5/1/2025
1eyj3tq,https://www.reddit.com/r/womenintech/comments/1eyj3tq/happy_to_have_found_this_sub/,42,3,5/1/2025
1etd082,https://www.reddit.com/r/womenintech/comments/1etd082/new_teammate_targeting_me/,42,18,5/1/2025
1gwrf2z,https://www.reddit.com/r/womenintech/comments/1gwrf2z/is_there_autism_acceptance_among_women_in_tech/,44,33,5/1/2025
1g9w2c4,https://www.reddit.com/r/womenintech/comments/1g9w2c4/anonymous_platform_for_women/,39,23,5/1/2025
1g2q55n,https://www.reddit.com/r/womenintech/comments/1g2q55n/for_women_by_women/,38,13,5/1/2025
1fyb2yd,https://www.reddit.com/r/womenintech/comments/1fyb2yd/how_come_sometimes_people_dont_answer_my_questions/,41,15,5/1/2025
1f9zyh0,https://www.reddit.com/r/womenintech/comments/1f9zyh0/update_to_advice_for_upcoming_presentation/,40,8,5/1/2025
1esdej3,https://www.reddit.com/r/womenintech/comments/1esdej3/have_you_ever_complained_to_hr_about_sexism_what/,41,38,5/1/2025
1ersq8d,https://www.reddit.com/r/womenintech/comments/1ersq8d/those_whove_worked_for_your_current_employer_for/,41,61,5/1/2025
1ehju89,https://www.reddit.com/r/womenintech/comments/1ehju89/team_builders_and_pointless_social_kabuki/,44,33,5/1/2025
1e3gh2j,https://www.reddit.com/r/womenintech/comments/1e3gh2j/early_career_and_feeling_behind/,40,8,5/1/2025
1czb0t7,https://www.reddit.com/r/womenintech/comments/1czb0t7/how_am_i_being_held_accountable_for_actions_of_a/,42,23,5/1/2025
1grd9ye,https://www.reddit.com/r/womenintech/comments/1grd9ye/how_to_handle_pressure_to_have_children/,40,43,5/1/2025
1gfo5b3,https://www.reddit.com/r/womenintech/comments/1gfo5b3/how_do_you_gracefully_handle_dropping_the_ball/,40,14,5/1/2025
1g6wyc3,https://www.reddit.com/r/womenintech/comments/1g6wyc3/women_swes_at_faangs_what_was_your_study_strategy/,41,35,5/1/2025
1g6oz7n,https://www.reddit.com/r/womenintech/comments/1g6oz7n/does_your_boss_stand_up_for_you/,41,28,5/1/2025
1fkruls,https://www.reddit.com/r/womenintech/comments/1fkruls/starting_a_job_as_a_staff_software_engineer_and/,42,32,5/1/2025
1fk1lhg,https://www.reddit.com/r/womenintech/comments/1fk1lhg/faang_interview_how_much_should_i_ask_for_on/,40,27,5/1/2025
1hdkzkg,https://www.reddit.com/r/womenintech/comments/1hdkzkg/i_feel_like_my_manager_doesnt_drive_the_11s_much/,37,11,5/1/2025
1fok74t,https://www.reddit.com/r/womenintech/comments/1fok74t/how_do_i_get_back_in_as_a_developer/,39,51,5/1/2025
1fh2mtg,https://www.reddit.com/r/womenintech/comments/1fh2mtg/any_swes_here_with_20_exp/,36,31,5/1/2025
1fg13z5,https://www.reddit.com/r/womenintech/comments/1fg13z5/please_i_need_your_advice/,38,37,5/1/2025
1f7io2d,https://www.reddit.com/r/womenintech/comments/1f7io2d/job_search_adventures_rejected_from_a_job_of/,40,9,5/1/2025
1ex3y7z,https://www.reddit.com/r/womenintech/comments/1ex3y7z/possibly_sabotaged/,41,22,5/1/2025
1erl4f4,https://www.reddit.com/r/womenintech/comments/1erl4f4/new_leadership_opportunity_but_im_pregnant/,41,18,5/1/2025
1d5sy2m,https://www.reddit.com/r/womenintech/comments/1d5sy2m/culture_fail_cto_goes_rogue/,39,22,5/1/2025
1fuktvi,https://www.reddit.com/r/womenintech/comments/1fuktvi/is_it_always_going_to_be_like_this/,35,26,5/1/2025
1fubrkg,https://www.reddit.com/r/womenintech/comments/1fubrkg/not_feeling_good_enough_for_tech_dealing_with/,36,16,5/1/2025
1fqgqn8,https://www.reddit.com/r/womenintech/comments/1fqgqn8/owasp_2024_conference/,36,3,5/1/2025
1fjbb1h,https://www.reddit.com/r/womenintech/comments/1fjbb1h/women_in_tech_networking_event_dos_and_donts/,36,17,5/1/2025
1dicnv8,https://www.reddit.com/r/womenintech/comments/1dicnv8/positive_career_experiences_lets_hear_em/,38,17,5/1/2025
1d7hhqs,https://www.reddit.com/r/womenintech/comments/1d7hhqs/asked_for_paystubs_before_offer_is_made/,40,23,5/1/2025
1d24lkc,https://www.reddit.com/r/womenintech/comments/1d24lkc/how_to_help_a_junior_female_developer/,36,14,5/1/2025
1cyfr9f,https://www.reddit.com/r/womenintech/comments/1cyfr9f/need_some_advice_about_a_very_persistentoverly/,38,26,5/1/2025
1cfpid4,https://www.reddit.com/r/womenintech/comments/1cfpid4/how_to_break_into_software_engineering/,36,93,5/1/2025
1hkt04o,https://www.reddit.com/r/womenintech/comments/1hkt04o/am_i_missing_something_with_these_career_moves/,34,37,5/1/2025
1hba275,https://www.reddit.com/r/womenintech/comments/1hba275/my_brand_new_manager_at_work_is_patronizing_and/,38,13,5/1/2025
1g0jdji,https://www.reddit.com/r/womenintech/comments/1g0jdji/did_a_new_job_fix_your_burnout/,37,31,5/1/2025
1f3er9l,https://www.reddit.com/r/womenintech/comments/1f3er9l/csuite_exec_directors_in_tech_any_advice_lessons/,37,11,5/1/2025
1e26oat,https://www.reddit.com/r/womenintech/comments/1e26oat/strange_midyear_review/,37,10,5/1/2025
1cdvkav,https://www.reddit.com/r/womenintech/comments/1cdvkav/how_to_get_through_a_slump_when_your_team_hasnt/,38,16,5/1/2025
1h4b5au,https://www.reddit.com/r/womenintech/comments/1h4b5au/rejected_at_the_final_round_but_im_gonna_try/,36,5,5/1/2025
1gk1mgy,https://www.reddit.com/r/womenintech/comments/1gk1mgy/i_was_told_to_be_more_vocal_in_meetings_by_my/,34,15,5/1/2025
1gjodce,https://www.reddit.com/r/womenintech/comments/1gjodce/am_i_being_paranoid_or_is_this_sign_of_layoff/,35,15,5/1/2025
1gbfl47,https://www.reddit.com/r/womenintech/comments/1gbfl47/trauma_from_previous_workplace_carrying_over_to/,37,8,5/1/2025
1frcr6n,https://www.reddit.com/r/womenintech/comments/1frcr6n/creating_a_womenonly_support_community_ideas_and/,36,11,5/1/2025
1fi0vg5,https://www.reddit.com/r/womenintech/comments/1fi0vg5/i_feel_guilty/,36,9,5/1/2025
1fesei4,https://www.reddit.com/r/womenintech/comments/1fesei4/landed_a_senior_engineer_role_early_in_my_career/,37,12,5/1/2025
1f3gizj,https://www.reddit.com/r/womenintech/comments/1f3gizj/is_this_a_male_coworker_and_my_boss_invalidating/,37,30,5/1/2025
1e4o1go,https://www.reddit.com/r/womenintech/comments/1e4o1go/microsoft_allfemale_keynote_at_techcon365_dc_who/,36,2,5/1/2025
1dn6mb9,https://www.reddit.com/r/womenintech/comments/1dn6mb9/does_all_the_ambiguity_kill_anyone_else/,36,13,5/1/2025
1d995zu,https://www.reddit.com/r/womenintech/comments/1d995zu/declined_promotion_without_pay_increase_at_work/,35,5,5/1/2025
1ch0rz5,https://www.reddit.com/r/womenintech/comments/1ch0rz5/how_do_i_break_into_security/,34,60,5/1/2025
1gkzf72,https://youtu.be/XLiagIdA84c,35,3,5/1/2025
1g8znxa,https://www.reddit.com/r/womenintech/comments/1g8znxa/im_earnest_af_and_its_holding_me_back_help/,35,15,5/1/2025
1fks3ei,https://www.reddit.com/r/womenintech/comments/1fks3ei/how_to_be_taken_seriously_on_sites/,35,22,5/1/2025
1eys4oa,https://www.reddit.com/r/womenintech/comments/1eys4oa/creepy_male_mentor/,35,30,5/1/2025
1eicyw1,https://www.reddit.com/r/womenintech/comments/1eicyw1/feeling_discouraged_rant/,32,6,5/1/2025
1dzdvvs,https://www.reddit.com/r/womenintech/comments/1dzdvvs/what_is_something_that_you_wish_your/,35,43,5/1/2025
1dty74g,https://www.reddit.com/r/womenintech/comments/1dty74g/how_do_you_deal_with_being_treated_different_from/,35,13,5/1/2025
1d1v1v9,https://www.reddit.com/r/womenintech/comments/1d1v1v9/experiences_from_women_of_color_at_booz_allen/,37,7,5/1/2025
1hji6f3,https://www.reddit.com/r/womenintech/comments/1hji6f3/i_need_a_mentor/,35,26,5/1/2025
1h534ab,https://www.reddit.com/r/womenintech/comments/1h534ab/will_a_westernized_name_in_resumes_or/,33,31,5/1/2025
1h4nzno,https://www.reddit.com/r/womenintech/comments/1h4nzno/how_do_i_navigate_sexual_harassment_in_the_work/,32,8,5/1/2025
1ezy189,https://www.reddit.com/r/womenintech/comments/1ezy189/thank_you_for_being_a_sub/,35,1,5/1/2025
1evodk5,https://www.reddit.com/r/womenintech/comments/1evodk5/women_in_tech_meet_up/,33,4,5/1/2025
1ecxz9j,https://www.reddit.com/r/womenintech/comments/1ecxz9j/jira_ticket_hogging/,33,20,5/1/2025
1d1exit,https://www.reddit.com/r/womenintech/comments/1d1exit/tips_for_being_only_women_at_first_tech_internship/,34,15,5/1/2025
1cyixyu,https://www.reddit.com/r/womenintech/comments/1cyixyu/ive_always_been_the_glue_now_i_dont_know_what_to/,34,33,5/1/2025
1ctusjx,https://www.reddit.com/r/womenintech/comments/1ctusjx/what_methods_of_job_finding_have_worked_for_you/,34,29,5/1/2025
1h7ronf,https://www.reddit.com/r/womenintech/comments/1h7ronf/which_tech_roles_should_i_prepare_or_study_for/,34,46,5/1/2025
1gyofal,https://www.reddit.com/r/womenintech/comments/1gyofal/how_to_explain_my_huge_resume_gap/,33,32,5/1/2025
1gn51tc,https://www.reddit.com/r/womenintech/comments/1gn51tc/do_you_get_enough_time_to_upskill_outside_the_job/,33,16,5/1/2025
1gm2vyh,https://www.reddit.com/r/womenintech/comments/1gm2vyh/will_i_ever_be_let_back_in/,33,16,5/1/2025
1fzcumk,https://www.reddit.com/r/womenintech/comments/1fzcumk/im_burnt_out_and_i_dont_know_what_to_do/,33,0,5/1/2025
1fdey8c,https://www.reddit.com/r/womenintech/comments/1fdey8c/weaponised_incompetence/,35,29,5/1/2025
1dcky06,https://www.reddit.com/r/womenintech/comments/1dcky06/any_system_admins_here/,33,9,5/1/2025
1hnm9q7,https://www.reddit.com/r/womenintech/comments/1hnm9q7/if_you_choose_to_pivot_to_another_career_what/,32,17,5/1/2025
1df24ow,https://www.reddit.com/r/womenintech/comments/1df24ow/if_money_wasnt_an_issue_whats_an_app_that_youd/,34,71,5/1/2025
1cxx18r,https://www.reddit.com/r/womenintech/comments/1cxx18r/my_teammate_behaves_weirdly_with_me/,32,22,5/1/2025
1ce1dhc,https://www.reddit.com/r/womenintech/comments/1ce1dhc/im_really_considering_cancelling_my_enrollment/,32,17,5/1/2025
1gelwdu,/r/stupid/comments/1gelucb/said_good_morning_how_are_you_to_a_colleague_in/,28,83,5/1/2025
1g0yst0,https://www.reddit.com/r/womenintech/comments/1g0yst0/picking_up_the_pieces_from_an_incompetent_male/,29,1,5/1/2025
1esep08,https://www.reddit.com/r/womenintech/comments/1esep08/update_about_my_misogyny_post_and_how_i_handled_it/,32,0,5/1/2025
1eo8eag,https://www.reddit.com/r/womenintech/comments/1eo8eag/anyone_gone_from_tech_to_biotech/,31,8,5/1/2025
1eeqqj5,https://www.reddit.com/r/womenintech/comments/1eeqqj5/is_this_all_there_is_to_being_an_engineer_in_tech/,32,2,5/1/2025
1ebybzh,https://www.reddit.com/r/womenintech/comments/1ebybzh/not_getting_things_i_was_promised_during/,29,6,5/1/2025
1e3hokg,https://www.reddit.com/r/womenintech/comments/1e3hokg/how_to_break_into_the_work_force_as_a_woman_in/,31,26,5/1/2025
1dzw9dm,https://www.reddit.com/r/womenintech/comments/1dzw9dm/has_anyone_switched_to_a_part_time_position_after/,31,16,5/1/2025
1d8951l,https://www.reddit.com/r/womenintech/comments/1d8951l/has_anyone_here_gone_back_to_a_previous_job/,31,11,5/1/2025
1cilre9,https://www.reddit.com/r/womenintech/comments/1cilre9/im_so_defeated/,31,10,5/1/2025
1hh8gz3,https://www.reddit.com/r/womenintech/comments/1hh8gz3/when_you_are_asked_a_question_in_feedback_are_you/,30,25,5/1/2025
1g8irtt,https://www.reddit.com/r/womenintech/comments/1g8irtt/is_it_a_good_idea_to_propose_a_conference_talk_on/,31,6,5/1/2025
1fvmk7i,https://www.reddit.com/r/womenintech/comments/1fvmk7i/why_more_women_choose_mis_management_information/,31,12,5/1/2025
1fld3dq,https://www.reddit.com/r/womenintech/comments/1fld3dq/what_can_i_say_in_glassdoor_review/,32,25,5/1/2025
1fd2227,https://www.reddit.com/r/womenintech/comments/1fd2227/social_struggles/,30,7,5/1/2025
1f6srji,https://www.reddit.com/r/womenintech/comments/1f6srji/i_feel_so_alone/,32,20,5/1/2025
1f639o9,https://www.reddit.com/r/womenintech/comments/1f639o9/meta_rpm_program_open_for_applicants/,28,44,5/1/2025
1f56h2x,https://www.reddit.com/r/womenintech/comments/1f56h2x/join_cybervalkyries_a_community_for_girls_and/,30,7,5/1/2025
1f2r8p9,https://www.reddit.com/r/womenintech/comments/1f2r8p9/academic_research_on_women_in_tech/,30,15,5/1/2025
1f2envj,https://www.reddit.com/r/womenintech/comments/1f2envj/mental_health_leave_is_it_time/,31,17,5/1/2025
1ez3y5m,https://www.reddit.com/r/womenintech/comments/1ez3y5m/thought_hope_was_lost_but_they_really_like_me/,32,4,5/1/2025
1eyewe8,https://www.reddit.com/r/womenintech/comments/1eyewe8/i_fear_being_laid_off_for_not_socializing_even/,29,9,5/1/2025
1dukeqg,https://www.reddit.com/r/womenintech/comments/1dukeqg/awesome_resume_and_cover_letter_generation/,30,22,5/1/2025
1hi8lze,https://www.reddit.com/r/womenintech/comments/1hi8lze/1_annual_raise_after_medical_leave/,26,11,5/1/2025
1hczvtk,https://www.reddit.com/r/womenintech/comments/1hczvtk/burnout_what_would_you_do/,30,20,5/1/2025
1h3d0mh,https://www.reddit.com/r/womenintech/comments/1h3d0mh/dealing_with_criticism/,29,12,5/1/2025
1gxnar1,https://www.reddit.com/r/womenintech/comments/1gxnar1/for_those_of_us_bringing_home_all_the_bacon/,29,13,5/1/2025
1glagi1,https://www.reddit.com/r/womenintech/comments/1glagi1/mentoring_oppurtunities/,29,25,5/1/2025
1g3okh0,https://www.reddit.com/r/womenintech/comments/1g3okh0/fellow_women_with_fibromyalgia_how_did_you_stay/,30,32,5/1/2025
1g3gp5l,http://Www.jointessera.com,29,24,5/1/2025
1f9dx4s,https://www.reddit.com/r/womenintech/comments/1f9dx4s/being_strung_along_for_a_promotion_but_cannot/,29,30,5/1/2025
1f9777f,https://www.reddit.com/r/womenintech/comments/1f9777f/representation_women_in_tech_who_are_also_djs/,30,10,5/1/2025
1f5gn2g,https://www.reddit.com/r/womenintech/comments/1f5gn2g/any_women_in_it_system_administration_role/,31,5,5/1/2025
1f4m1bk,https://www.reddit.com/r/womenintech/comments/1f4m1bk/what_should_i_know_as_a_woman_starting_their/,29,16,5/1/2025
1ey53lq,https://www.reddit.com/r/womenintech/comments/1ey53lq/one_of_the_few_women_in_my_fieldhow_do_you/,28,17,5/1/2025
1eowxol,https://www.reddit.com/r/womenintech/comments/1eowxol/communication_issues_will_i_survive_tech/,29,16,5/1/2025
1dy67yu,https://www.reddit.com/r/womenintech/comments/1dy67yu/feeling_undermined_by_a_friend_at_work_how_do_i/,29,6,5/1/2025
1dqbd40,https://www.reddit.com/r/womenintech/comments/1dqbd40/is_anyone_working_in_europe_experiencing_sexism/,29,65,5/1/2025
1dfbmgf,https://www.reddit.com/r/womenintech/comments/1dfbmgf/working_in_tech_is_awesome_now_our_supervisors/,29,3,5/1/2025
1d5ppz0,https://youtu.be/u7HD4JLoIE0?feature=shared,29,10,5/1/2025
1cwwu9n,https://www.reddit.com/r/womenintech/comments/1cwwu9n/is_there_a_womenintech_discord_server/,27,14,5/1/2025
1hi6sbi,https://www.reddit.com/r/womenintech/comments/1hi6sbi/advice_on_toxic_male_employee/,27,26,5/1/2025
1hi5x5c,https://www.reddit.com/r/womenintech/comments/1hi5x5c/is_programming_90_debugging/,26,32,5/1/2025
1hc2aot,https://www.reddit.com/r/womenintech/comments/1hc2aot/how_to_handle_nitpicked_prs/,28,19,5/1/2025
1h5wq8y,https://www.reddit.com/r/womenintech/comments/1h5wq8y/this_code/,28,3,5/1/2025
1gz6dc8,https://www.reddit.com/r/womenintech/comments/1gz6dc8/feeling_lots_of_dread_and_general_hopelessness/,29,6,5/1/2025
1gjg94n,https://www.reddit.com/r/womenintech/comments/1gjg94n/wfh_what_do_you_wear/,29,53,5/1/2025
1gg3ugx,https://www.reddit.com/r/womenintech/comments/1gg3ugx/do_i_need_a_mentor_a_career_coach_or_a_therapist/,29,29,5/1/2025
1g8f68g,https://www.reddit.com/r/womenintech/comments/1g8f68g/company_computer_monitoring_personal_use/,28,32,5/1/2025
1g5pfie,/r/EduHaven/comments/1g5pap1/best_resume_writing_service_that_helped_me_land/,25,9,5/1/2025
1ftrll9,https://www.reddit.com/r/womenintech/comments/1ftrll9/first_management_role/,29,10,5/1/2025
1fl3ajs,https://www.reddit.com/r/womenintech/comments/1fl3ajs/how_do_you_determine_if_the_job_is_the_problem_or/,28,13,5/1/2025
1f88x86,https://www.reddit.com/r/womenintech/comments/1f88x86/did_i_make_a_mistake_doing_a_bootcamp_or_with_the/,28,19,5/1/2025
1f3v3ku,https://www.reddit.com/r/womenintech/comments/1f3v3ku/is_it_the_pipeline_or_is_it_me/,28,9,5/1/2025
1euhy2m,https://i.redd.it/7euiw8rg98jd1.png,28,7,5/1/2025
1gw2s2g,https://www.reddit.com/r/womenintech/comments/1gw2s2g/at_what_age_did_you_have_kids_27f_and_thinking_of/,28,55,5/1/2025
1gts3m2,https://www.reddit.com/r/womenintech/comments/1gts3m2/how_to_deal_with_toxic_manager/,27,35,5/1/2025
1gqi7xq,https://www.reddit.com/r/womenintech/comments/1gqi7xq/looking_for_advice_on_reentering_the_workforce/,29,24,5/1/2025
1glw8c9,https://www.reddit.com/r/womenintech/comments/1glw8c9/starting_to_grow_frustrated_with_discouragement/,28,9,5/1/2025
1gkalt7,https://www.reddit.com/r/womenintech/comments/1gkalt7/im_constantly_told_at_my_job_that_im_bubbly_and/,27,19,5/1/2025
1gbzcko,https://www.reddit.com/r/womenintech/comments/1gbzcko/refusal_to_adopt_or_even_collaborate/,27,3,5/1/2025
1g9qd75,https://www.reddit.com/r/womenintech/comments/1g9qd75/any_ladies_here_successful_reported_andor/,27,34,5/1/2025
1g9ng3s,https://www.reddit.com/r/womenintech/comments/1g9ng3s/13_people_on_the_phone/,25,7,5/1/2025
1g0txnh,https://www.reddit.com/r/womenintech/comments/1g0txnh/what_is_the_point_of_ghc/,28,16,5/1/2025
1f7hwgs,https://www.reddit.com/r/womenintech/comments/1f7hwgs/how_to_handle_burn_out_how_to_change_specialties/,26,14,5/1/2025
1f7e4ai,https://www.reddit.com/r/womenintech/comments/1f7e4ai/burned_out_product_designers/,27,18,5/1/2025
1dt60me,https://www.reddit.com/r/womenintech/comments/1dt60me/how_do_you_get_past_stubborn_mental_blocks_at_work/,27,18,5/1/2025
1chsd9i,https://www.reddit.com/r/womenintech/comments/1chsd9i/any_advice_please_in_over_my_head_in_devops_jobs/,26,32,5/1/2025
1hilhhu,https://www.reddit.com/r/womenintech/comments/1hilhhu/whats_something_you_want_to_accomplish_next_year/,26,26,5/1/2025
1hfkmhs,https://www.reddit.com/r/womenintech/comments/1hfkmhs/career_development_ama_with_gabi_carachilo/,25,8,5/1/2025
1gb9o7p,https://www.reddit.com/r/womenintech/comments/1gb9o7p/i_am_so_desperate_for_a_job_i_sat_through_a_group/,26,17,5/1/2025
1g0mtff,https://www.reddit.com/r/womenintech/comments/1g0mtff/feeling_dismissed_at_work_am_i_missing_something/,25,36,5/1/2025
1fzwk6c,https://www.reddit.com/r/womenintech/comments/1fzwk6c/anyone_leave_their_job_at_3_months/,26,25,5/1/2025
1hivfu1,https://www.reddit.com/r/womenintech/comments/1hivfu1/nepotism/,26,0,5/1/2025
1gmyy01,https://www.reddit.com/r/womenintech/comments/1gmyy01/more_advice_needed_vp_of_engineering_scheduled_a/,25,30,5/1/2025
1gli19w,https://www.reddit.com/r/womenintech/comments/1gli19w/job_interviews_but_not_moving_past_the_first/,25,16,5/1/2025
1gklo3d,https://www.reddit.com/r/womenintech/comments/1gklo3d/insecure_about_being_a_woman/,26,15,5/1/2025
1g9r1px,https://www.reddit.com/r/womenintech/comments/1g9r1px/do_you_really_like_coding_or_do_you_do_it_for_the/,26,119,5/1/2025
1g02ixj,https://www.reddit.com/r/womenintech/comments/1g02ixj/something_mostly_positive_for_once/,23,2,5/1/2025
1fqscu7,https://www.reddit.com/r/womenintech/comments/1fqscu7/how_to_connect_members_to_real_open_roles/,25,2,5/1/2025
1fdjryc,https://www.reddit.com/r/womenintech/comments/1fdjryc/what_are_your_job_titles/,24,86,5/1/2025
1f82ga9,https://www.reddit.com/r/womenintech/comments/1f82ga9/stable_but_boring_role/,26,15,5/1/2025
1f3f8by,https://www.reddit.com/r/womenintech/comments/1f3f8by/need_some_positive_stories/,24,18,5/1/2025
1di9nyl,https://www.reddit.com/r/womenintech/comments/1di9nyl/is_it_possible_to_have_a_fullstack_dev_job_in_a/,24,8,5/1/2025
1cjv7n0,https://www.reddit.com/r/womenintech/comments/1cjv7n0/selfmotivation/,25,11,5/1/2025
1cecumg,https://www.reddit.com/r/womenintech/comments/1cecumg/if_not_devops_then_what/,26,17,5/1/2025
1h6xb21,https://www.reddit.com/r/womenintech/comments/1h6xb21/how_much_of_a_raise_do_you_need_to_work_for_a/,23,36,5/1/2025
1h17p0h,https://www.reddit.com/r/womenintech/comments/1h17p0h/how_do_i_get_a_coworker_to_listen/,24,12,5/1/2025
1gneima,https://www.reddit.com/r/womenintech/comments/1gneima/am_i_too_old_to_start_my_career_in_tech/,22,60,5/1/2025
1gfwbtf,https://www.reddit.com/r/womenintech/comments/1gfwbtf/how_to_continue_working_but_im_burnt_out/,24,6,5/1/2025
1gdvp5t,https://www.reddit.com/r/womenintech/comments/1gdvp5t/was_i_the_asshole_was_i_rude/,24,16,5/1/2025
1gdk9vs,https://www.reddit.com/r/womenintech/comments/1gdk9vs/work_events_work_politics_dress_codes_etc_how_to/,25,18,5/1/2025
1g63d7d,https://www.reddit.com/r/womenintech/comments/1g63d7d/should_companies_with_live_coding_be_avoided/,24,37,5/1/2025
1g4bexh,https://www.reddit.com/r/womenintech/comments/1g4bexh/am_i_over_reacting_by_being_annoyed_that_other/,24,16,5/1/2025
1fu0m85,https://www.reddit.com/r/womenintech/comments/1fu0m85/pregnancy_and_career/,23,10,5/1/2025
1flm038,https://www.reddit.com/r/womenintech/comments/1flm038/how_would_you_reframe_this_situation_struggling/,24,18,5/1/2025
1f0dpc1,https://www.reddit.com/r/womenintech/comments/1f0dpc1/no_manager_complex_project_scrutiny_from/,22,14,5/1/2025
1eshlho,https://www.reddit.com/r/womenintech/comments/1eshlho/how_to_deal_with_a_toxic_male_collaborator_at_my/,23,10,5/1/2025
1eojf7d,https://www.reddit.com/r/womenintech/comments/1eojf7d/how_do_you_usually_deal_with_people_on_a_power/,24,9,5/1/2025
1egvt99,https://www.reddit.com/r/womenintech/comments/1egvt99/my_26f_manager_55m_is_a_good_man_but_he_has/,24,6,5/1/2025
1e2rtil,https://www.reddit.com/r/womenintech/comments/1e2rtil/follow_up_to_is_maternity_leave_or_lack_of_reason/,24,1,5/1/2025
1dyec4o,https://www.reddit.com/r/womenintech/comments/1dyec4o/need_advice_on_how_to_deal_with_difficult_tech/,24,11,5/1/2025
1dktizy,https://www.reddit.com/r/womenintech/comments/1dktizy/data_science_x_astrology_x_tik_tok/,25,8,5/1/2025
1d12a5g,https://www.reddit.com/r/womenintech/comments/1d12a5g/women_recruiters/,24,21,5/1/2025
1cyyrcw,https://www.reddit.com/r/womenintech/comments/1cyyrcw/need_advice_on_my_manager/,25,10,5/1/2025
1cijewc,https://www.reddit.com/r/womenintech/comments/1cijewc/not_hearing_back_after_interview/,25,16,5/1/2025
1hcypnt,https://www.reddit.com/r/womenintech/comments/1hcypnt/agile_vs_waterfall_with_a_side_of_mansplaining/,22,17,5/1/2025
1hbd998,https://www.reddit.com/r/womenintech/comments/1hbd998/what_was_your_biggest_achievement_this_year/,22,67,5/1/2025
1h9n1se,https://www.reddit.com/r/womenintech/comments/1h9n1se/im_a_35f_technical_writer_with_4_years_direct/,23,11,5/1/2025
1h2t0jz,https://www.reddit.com/r/womenintech/comments/1h2t0jz/have_any_of_you_started_from_zero_in_the_tech/,23,71,5/1/2025
1gct6gv,https://www.reddit.com/r/womenintech/comments/1gct6gv/what_do_you_wear_at_work_in_cold_winters/,22,27,5/1/2025
1g3d6wz,https://www.reddit.com/r/womenintech/comments/1g3d6wz/2_women_cofounders_in_korea_ama/,21,9,5/1/2025
1fw7syp,https://www.reddit.com/r/womenintech/comments/1fw7syp/my_project_manager_is_so_harsh/,24,16,5/1/2025
1fnp1ai,https://www.reddit.com/r/womenintech/comments/1fnp1ai/should_i_switch_jobs_or_plan_for_a_baby/,21,53,5/1/2025
1fhixto,https://www.reddit.com/r/womenintech/comments/1fhixto/considering_a_career_in_tech/,20,39,5/1/2025
1fc2nzi,/r/u_nocodertech/comments/1fc2mt6/do_you_think_online_networking_with_other_women/,23,37,5/1/2025
1f128sw,https://www.reddit.com/r/womenintech/comments/1f128sw/case_study_has_anyone_declined_a_case_study/,22,15,5/1/2025
1f0a50p,https://www.reddit.com/r/womenintech/comments/1f0a50p/what_kinda_projects_do_you_have_in_your_resumes/,23,6,5/1/2025
1extlic,https://www.reddit.com/r/womenintech/comments/1extlic/im_starting_a_women_in_tech_club_on_campus_any/,23,27,5/1/2025
1erw4yd,https://www.reddit.com/r/womenintech/comments/1erw4yd/is_it_possible_to_get_defamed_within_an_industry/,23,17,5/1/2025
1doatfp,https://www.reddit.com/r/womenintech/comments/1doatfp/one_on_one_anxiety/,24,5,5/1/2025
1dnxtth,https://www.reddit.com/r/womenintech/comments/1dnxtth/how_to_help/,23,6,5/1/2025
1det3qg,https://www.reddit.com/r/womenintech/comments/1det3qg/advice_needed_work_load_and_expectations_double/,23,6,5/1/2025
1ceml4l,https://www.reddit.com/r/womenintech/comments/1ceml4l/advice_for_my_niece/,24,36,5/1/2025
1hpan3f,https://www.reddit.com/r/womenintech/comments/1hpan3f/career_coaching/,22,25,5/1/2025
1hneuid,https://www.reddit.com/r/womenintech/comments/1hneuid/ive_been_seeing_the_discourse_over_cs_job/,22,31,5/1/2025
1goh2zp,https://www.reddit.com/r/womenintech/comments/1goh2zp/whats_the_best_programming_language_to_learn_as_a/,22,22,5/1/2025
1gdntwo,https://www.reddit.com/r/womenintech/comments/1gdntwo/on_feeling_disempowered/,22,7,5/1/2025
1g4j88o,https://www.reddit.com/r/womenintech/comments/1g4j88o/how_do_i_handle_a_a_co_worker_like_this/,21,8,5/1/2025
1g32a81,https://www.reddit.com/r/womenintech/comments/1g32a81/networking_at_predominantly_male_tech_conference/,22,16,5/1/2025
1fmv0o1,https://www.reddit.com/r/womenintech/comments/1fmv0o1/how_has_internal_transfers_worked_out_for_you/,21,9,5/1/2025
1fk22go,https://www.reddit.com/r/womenintech/comments/1fk22go/technical_pms_whats_your_workload_like/,22,5,5/1/2025
1fjfb4h,https://www.reddit.com/r/womenintech/comments/1fjfb4h/being_recruited_for_job_im_underqualified_for/,20,24,5/1/2025
1em3jdk,https://www.reddit.com/r/womenintech/comments/1em3jdk/barely_there/,21,15,5/1/2025
1eieulg,https://www.reddit.com/r/womenintech/comments/1eieulg/social_anxiety_1on1s/,21,14,5/1/2025
1dzc4rz,https://www.reddit.com/r/womenintech/comments/1dzc4rz/someone_tell_me_something_good/,22,16,5/1/2025
1dz6x1f,https://www.reddit.com/r/womenintech/comments/1dz6x1f/women_of_3d_design_why_are_there_so_few_women/,22,9,5/1/2025
1d4f1uv,https://www.reddit.com/r/womenintech/comments/1d4f1uv/bipoc_women_in_tech_in_la_interested_in_a_meetup/,22,9,5/1/2025
1cvdew4,https://www.reddit.com/r/womenintech/comments/1cvdew4/lack_of_technical_questions_work_life_boundaries/,22,19,5/1/2025
1cr5ls0,https://www.reddit.com/r/womenintech/comments/1cr5ls0/how_to_learn_stay_away_from_capitalism_at_the/,23,3,5/1/2025
1cqkc76,https://www.reddit.com/r/womenintech/comments/1cqkc76/would_yall_recommend_a_woman_getting_her_google/,22,33,5/1/2025
1hjtw1i,https://www.reddit.com/r/womenintech/comments/1hjtw1i/what_is_it_like_being_a_woman_in_devops/,21,9,5/1/2025
1hai6lw,https://www.reddit.com/r/womenintech/comments/1hai6lw/are_meta_and_ebay_outsourcing_the_recruiting/,23,24,5/1/2025
1h2m9n4,https://www.reddit.com/gallery/1h2m9n4,20,7,5/1/2025
1gwbr7z,https://www.reddit.com/r/womenintech/comments/1gwbr7z/how_insane_am_i_for_trying_to_break_into_tech_rn/,21,19,5/1/2025
1gr1lxi,https://www.reddit.com/r/womenintech/comments/1gr1lxi/built_a_tool_to_practice_workplace_conversations/,20,11,5/1/2025
1gmm3wr,https://www.reddit.com/r/womenintech/comments/1gmm3wr/advice_needed_re_mental_health_std/,21,10,5/1/2025
1fsi1eh,https://www.reddit.com/r/womenintech/comments/1fsi1eh/director_level_glass_ceiling/,21,0,5/1/2025
1eqlh1h,https://www.reddit.com/r/womenintech/comments/1eqlh1h/discussion_topics_for_a_women_in_tech_meeting/,21,12,5/1/2025
1efeb4g,https://www.reddit.com/r/womenintech/comments/1efeb4g/should_i_ride_out_my_current_job_till_maternity/,21,23,5/1/2025
1co3hhn,https://www.reddit.com/r/womenintech/comments/1co3hhn/has_anyone_tried_careerexecutive_coaching_before/,20,48,5/1/2025
1cgb8cd,https://www.reddit.com/r/womenintech/comments/1cgb8cd/any_podcast_recommendations/,21,7,5/1/2025
1cdltw9,https://www.reddit.com/r/womenintech/comments/1cdltw9/need_advice_for_how_to_deal_with_a_boss_who_is_a/,21,10,5/1/2025
1g6sqbp,https://www.reddit.com/r/womenintech/comments/1g6sqbp/where_are_the_gcs/,20,7,5/1/2025
1g1k69f,https://www.reddit.com/r/womenintech/comments/1g1k69f/advice_about_finding_a_healthy_work_environment/,20,6,5/1/2025
1g1eyrt,https://www.reddit.com/r/womenintech/comments/1g1eyrt/how_do_i_rebuild_my_confidence/,21,7,5/1/2025
1g02sc1,https://www.reddit.com/r/womenintech/comments/1g02sc1/am_i_overreacting/,21,20,5/1/2025
1fyu7id,https://www.reddit.com/r/womenintech/comments/1fyu7id/advice_about_a_pissed_off_boss_since_i_quit_for/,19,10,5/1/2025
1fizlm6,https://www.reddit.com/r/womenintech/comments/1fizlm6/resources_to_deal_with_all_the_bs/,21,7,5/1/2025
1fbhm5v,https://www.reddit.com/r/womenintech/comments/1fbhm5v/anyone_a_director_of_data_science_or_chief_data/,21,6,5/1/2025
1ehaw9d,https://www.reddit.com/r/womenintech/comments/1ehaw9d/i_want_to_get_into_tech_where_the_hell_do_i_start/,23,26,5/1/2025
1eh5hub,https://www.reddit.com/r/womenintech/comments/1eh5hub/11s_as_a_jr_dev/,21,9,5/1/2025
1e0c3ij,https://www.reddit.com/r/womenintech/comments/1e0c3ij/negotiations_why_am_i_upset_over_myself/,19,9,5/1/2025
1dt7lpa,https://www.reddit.com/r/womenintech/comments/1dt7lpa/manager_wants_to_ask_the_others_what_they_thought/,19,4,5/1/2025
1dnpdms,https://www.reddit.com/r/womenintech/comments/1dnpdms/feeling_at_my_wits_end/,20,14,5/1/2025
1dj07zu,https://www.reddit.com/r/womenintech/comments/1dj07zu/interviewing_junior_swes_with_no_coding_session/,19,16,5/1/2025
1cnycyt,https://www.reddit.com/r/womenintech/comments/1cnycyt/trying_not_to_give_up_on_job_searching/,20,13,5/1/2025
1hliurg,https://www.reddit.com/r/womenintech/comments/1hliurg/how_to_handle/,19,8,5/1/2025
1hc5yej,https://www.reddit.com/r/womenintech/comments/1hc5yej/accidentally_oe/,18,10,5/1/2025
1gi0lww,https://www.reddit.com/r/womenintech/comments/1gi0lww/1000_apps_but_no_interviews/,18,19,5/1/2025
1ghny5q,https://www.reddit.com/r/womenintech/comments/1ghny5q/what_resources_do_you_use_to_stay_motivated_and/,19,3,5/1/2025
1g583bo,https://www.reddit.com/r/womenintech/comments/1g583bo/how_do_i_go_from_125k_to_250k_as_a_senior/,19,36,5/1/2025
1ftdnaq,https://www.reddit.com/r/womenintech/comments/1ftdnaq/defeated_and_wondering_whats_next/,19,8,5/1/2025
1fnrd2q,https://www.reddit.com/r/womenintech/comments/1fnrd2q/i_hate_it_support_lol_does_anyone_actually_like_it/,19,16,5/1/2025
1ffboqm,https://www.reddit.com/r/womenintech/comments/1ffboqm/has_anyone_contacted_the_ceo_of_a_company/,19,20,5/1/2025
1f8s2zi,https://www.reddit.com/r/womenintech/comments/1f8s2zi/companies_with_good_culture_benefits_and_remote/,19,2,5/1/2025
1euefiw,https://www.reddit.com/r/womenintech/comments/1euefiw/from_tech_marketing_to_programming_in_my_40s/,20,8,5/1/2025
1eqr3cp,https://www.reddit.com/r/womenintech/comments/1eqr3cp/women_in_tech_industry/,17,3,5/1/2025
1e2422u,https://www.reddit.com/r/womenintech/comments/1e2422u/what_certifications_have_helped_you_in_your_dream/,19,12,5/1/2025
1e0u9uj,https://www.reddit.com/r/womenintech/comments/1e0u9uj/tell_me_your_favourite_notice_period_stories/,18,10,5/1/2025
1djny58,https://www.reddit.com/r/womenintech/comments/1djny58/inappropriate_feedback_from_job_interviews/,20,4,5/1/2025
1d3mh6j,https://www.reddit.com/r/womenintech/comments/1d3mh6j/getting_super_nervous_during_software_interviews/,19,6,5/1/2025
1cxsqe1,https://www.reddit.com/r/womenintech/comments/1cxsqe1/i_didnt_mean_to_upset_you/,19,9,5/1/2025
1h7ndtq,https://www.reddit.com/r/womenintech/comments/1h7ndtq/started_a_new_unpaid_substack_about_my_journey_to/,19,1,5/1/2025
1gri577,https://www.reddit.com/r/womenintech/comments/1gri577/interviewer_cancelled_on_me_at_the_time_of_the/,19,22,5/1/2025
1gpvjl4,https://www.reddit.com/r/womenintech/comments/1gpvjl4/should_i_get_into_cyber_security_now/,17,26,5/1/2025
1gmc1mp,https://www.reddit.com/r/womenintech/comments/1gmc1mp/is_it_burnout/,18,6,5/1/2025
1ggoh10,https://www.reddit.com/r/womenintech/comments/1ggoh10/passed_comptia_project/,17,7,5/1/2025
1gba0b1,https://www.reddit.com/r/womenintech/comments/1gba0b1/whats_the_worst_part_of_your_job/,19,41,5/1/2025
1g7bnaa,https://www.reddit.com/r/womenintech/comments/1g7bnaa/really_bad_imposter_syndrome_is_stopping_me_from/,18,13,5/1/2025
1g66klp,https://www.reddit.com/r/womenintech/comments/1g66klp/are_we_not_supposed_to_tell_people_who_we_are_on/,18,49,5/1/2025
1g61a95,https://www.reddit.com/r/womenintech/comments/1g61a95/anyone_tired_of_endless_coding_rounds_for/,17,12,5/1/2025
1g3ijzr,https://www.reddit.com/r/womenintech/comments/1g3ijzr/start_job_tomorrow_no_computer/,18,12,5/1/2025
1fq54oy,https://www.reddit.com/r/womenintech/comments/1fq54oy/your_experience_with_bias_in_the_tech_industry/,17,11,5/1/2025
1f3plur,https://www.reddit.com/r/womenintech/comments/1f3plur/do_i_belong_here/,16,12,5/1/2025
1dlpmzw,https://www.reddit.com/r/womenintech/comments/1dlpmzw/having_a_hard_time_finding_a_job_in_tech_any/,17,23,5/1/2025
1cy96kj,https://www.reddit.com/r/womenintech/comments/1cy96kj/anyone_here_built_an_app_as_a_side_hustle/,18,11,5/1/2025
1ckctmf,https://www.reddit.com/r/womenintech/comments/1ckctmf/demoralized_in_the_past_but_i_want_to_try_again/,17,10,5/1/2025
1howhyz,https://www.reddit.com/r/womenintech/comments/1howhyz/any_tech_founderscofounders_here/,16,30,5/1/2025
1hgz7h6,https://www.reddit.com/r/womenintech/comments/1hgz7h6/finally_secured_new_job_and_now_feeling_nervous/,16,11,5/1/2025
1giycwe,https://www.reddit.com/r/womenintech/comments/1giycwe/are_other_industriesjobs_like_this/,18,24,5/1/2025
1ggjcsa,https://www.reddit.com/r/womenintech/comments/1ggjcsa/turned_down_from_job_after_recruiter_said_company/,17,30,5/1/2025
1gdrp9g,https://www.reddit.com/r/womenintech/comments/1gdrp9g/programmer_trapped_in_very_bad_situation_what/,19,10,5/1/2025
1fl3b6k,https://www.reddit.com/r/womenintech/comments/1fl3b6k/firsttime_ghc_2024_attendee_need_help_with_career/,17,4,5/1/2025
1fd0f13,https://www.reddit.com/r/womenintech/comments/1fd0f13/performance_review_feedback/,17,30,5/1/2025
1f9rl91,https://www.reddit.com/r/womenintech/comments/1f9rl91/do_i_ask_for_a_raise/,17,9,5/1/2025
1enpcob,https://www.reddit.com/r/womenintech/comments/1enpcob/why_is_cyber_security_gatekeeping_so_hard/,17,18,5/1/2025
1dph4gk,https://www.reddit.com/r/womenintech/comments/1dph4gk/looking_for_a_career_and_feeling_like_i_may_never/,17,7,5/1/2025
1dhi0uc,https://www.reddit.com/r/womenintech/comments/1dhi0uc/women_in_tech_organizations/,17,0,5/1/2025
1d907yn,https://timesofindia.indiatimes.com/technology/tech-news/tcs-infosys-and-other-3-indias-top-it-firms-report-net-exit-of-25000-women-employees-in-fy24/articleshow/110744599.cms,16,2,5/1/2025
1cmfrjc,https://www.reddit.com/r/womenintech/comments/1cmfrjc/womens_data_group_at_work/,17,7,5/1/2025
1hln0b9,https://www.reddit.com/r/womenintech/comments/1hln0b9/feeling_like_i_chose_the_wrong_major/,16,39,5/1/2025
1hhqrd2,https://www.reddit.com/r/womenintech/comments/1hhqrd2/tech_career_after_maternity_break/,16,15,5/1/2025
1h6mfpc,https://www.reddit.com/r/womenintech/comments/1h6mfpc/i_3_vague_but_critical_feedback/,16,16,5/1/2025
1gyff6n,https://www.reddit.com/r/womenintech/comments/1gyff6n/parttimers_where_do_you_work_or_what_are_some/,16,4,5/1/2025
1gwjaet,https://www.reddit.com/r/womenintech/comments/1gwjaet/advice_needed_feeling_out_of_place_in_a_new/,17,5,5/1/2025
1gfs0ut,https://www.reddit.com/r/womenintech/comments/1gfs0ut/would_you_be_interested_female_software_engineer/,15,37,5/1/2025
1gefb7f,https://www.reddit.com/r/womenintech/comments/1gefb7f/no_luck_with_job_applications/,16,3,5/1/2025
1fp7g7l,https://www.reddit.com/r/womenintech/comments/1fp7g7l/need_guidance_1st_year_as_woman_in_tech/,15,7,5/1/2025
1fjugq2,https://www.reddit.com/r/womenintech/comments/1fjugq2/grace_hopper_celebration_ama_with_bo_young_lee/,16,13,5/1/2025
1fgtgl9,https://www.reddit.com/r/womenintech/comments/1fgtgl9/pivot_to_product/,15,3,5/1/2025
1feo7at,https://www.reddit.com/r/womenintech/comments/1feo7at/sleep/,18,8,5/1/2025
1fbyixd,https://www.reddit.com/r/womenintech/comments/1fbyixd/what_kinda_tasks_did_you_get_in_your_first_job_as/,15,9,5/1/2025
1f6m8q0,https://www.reddit.com/r/womenintech/comments/1f6m8q0/women_in_hardware_storage_or_infrastructure_roles/,16,19,5/1/2025
1dfubt8,https://www.reddit.com/r/womenintech/comments/1dfubt8/wonderful_org_spreading_cscoding_to_kidsgirls/,16,4,5/1/2025
1d596g4,https://www.reddit.com/r/womenintech/comments/1d596g4/conference_outfits/,15,27,5/1/2025
1cy1yr9,https://www.reddit.com/r/womenintech/comments/1cy1yr9/what_are_some_positions_in_tech_that_can_be/,17,14,5/1/2025
1cp1np7,https://www.reddit.com/r/womenintech/comments/1cp1np7/job_hunt_tips/,18,12,5/1/2025
1codfiu,https://www.reddit.com/r/womenintech/comments/1codfiu/advice_how_the_develop_the_it_to_resolve_issues/,15,4,5/1/2025
1cimj4g,https://www.reddit.com/r/womenintech/comments/1cimj4g/cute_code_discord_server/,16,0,5/1/2025
1hboylb,https://www.reddit.com/r/womenintech/comments/1hboylb/does_anyone_else_get_the_therapist_treatment/,15,9,5/1/2025
1h8n0dz,https://www.reddit.com/r/womenintech/comments/1h8n0dz/combative_relationship_with_my_female_manager/,14,11,5/1/2025
1h0u046,https://www.reddit.com/r/womenintech/comments/1h0u046/im_tired/,15,2,5/1/2025
1h0pogc,https://www.reddit.com/r/womenintech/comments/1h0pogc/is_it_me/,15,10,5/1/2025
1gtvdzz,https://www.reddit.com/r/womenintech/comments/1gtvdzz/what_job_boards_do_you_use/,15,1,5/1/2025
1glpme7,https://www.reddit.com/r/womenintech/comments/1glpme7/createher_fest_a_new_event_for_women_in_emerging/,15,3,5/1/2025
1gh34cb,https://www.reddit.com/r/womenintech/comments/1gh34cb/time_to_go_recruiters/,15,5,5/1/2025
1g1yroh,https://www.reddit.com/r/womenintech/comments/1g1yroh/besides_money_what_do_women_entrepreneurs_want/,15,33,5/1/2025
1ffo0dm,https://www.reddit.com/r/womenintech/comments/1ffo0dm/has_anyone_pivoted_from_product_management_into/,15,8,5/1/2025
1egu77h,https://www.reddit.com/r/womenintech/comments/1egu77h/am_i_overthinking_this/,15,6,5/1/2025
1ebkget,https://www.reddit.com/r/womenintech/comments/1ebkget/career_pivot_after_layoff_and_toddlers/,15,4,5/1/2025
1dfvrp9,https://www.reddit.com/r/womenintech/comments/1dfvrp9/companies_with_great_culture_leaders/,15,7,5/1/2025
1ddz4d6,https://www.reddit.com/r/womenintech/comments/1ddz4d6/back_to_work_in_united_states/,15,8,5/1/2025
1cnutf7,https://www.reddit.com/r/womenintech/comments/1cnutf7/trying_to_decide_between_offers/,15,15,5/1/2025
1h5uvsz,https://www.reddit.com/r/womenintech/comments/1h5uvsz/hesitant_on_moving_back_to_tech_before_pregnancy/,14,31,5/1/2025
1h2pf5y,https://www.reddit.com/r/womenintech/comments/1h2pf5y/startup_looking_for_a_cmo/,14,0,5/1/2025
1h1cn81,https://www.reddit.com/r/womenintech/comments/1h1cn81/job_search_and_self_confidence_around_my_family/,13,3,5/1/2025
1gzmf1n,https://www.reddit.com/r/womenintech/comments/1gzmf1n/do_i_even_want_to_continue_with_this_career/,14,13,5/1/2025
1gvbimh,https://www.reddit.com/r/womenintech/comments/1gvbimh/have_you_landed_a_job_with_a_higher_title_recently/,14,7,5/1/2025
1guebfx,https://www.reddit.com/r/womenintech/comments/1guebfx/gift_me/,13,22,5/1/2025
1gtbfaa,https://www.reddit.com/r/womenintech/comments/1gtbfaa/do_i_take_the_misery_job_or_do_i_rest/,13,5,5/1/2025
1gropeg,https://www.reddit.com/r/womenintech/comments/1gropeg/finding_a_new_job/,14,9,5/1/2025
1glaabl,https://www.reddit.com/r/womenintech/comments/1glaabl/fellow_problem_solvers/,15,5,5/1/2025
1ghpj6f,https://www.reddit.com/r/womenintech/comments/1ghpj6f/am_i_being_pushed_to_quit/,14,9,5/1/2025
1gg8jzh,https://www.reddit.com/r/womenintech/comments/1gg8jzh/jobs_i_did_8_years_ago/,14,5,5/1/2025
1gb4m9d,https://www.reddit.com/r/womenintech/comments/1gb4m9d/how_can_i_man_improve_team_function_without/,14,13,5/1/2025
1fzhe4z,https://www.reddit.com/r/womenintech/comments/1fzhe4z/seeking_advice_helping_a_blind_neighbor_secure_a/,15,3,5/1/2025
1fopu5e,https://www.reddit.com/r/womenintech/comments/1fopu5e/weird_offer_letter_situation/,13,10,5/1/2025
1fau73m,https://www.reddit.com/r/womenintech/comments/1fau73m/impostor_syndrome_or_im_just_bad/,15,3,5/1/2025
1f86lhw,https://www.reddit.com/r/womenintech/comments/1f86lhw/introvert_thriving_quiet_mindful_trauma_survivor/,13,31,5/1/2025
1etilg1,https://www.reddit.com/r/womenintech/comments/1etilg1/any_women_entrepreneurs_here/,13,20,5/1/2025
1ekx4xm,https://www.reddit.com/r/womenintech/comments/1ekx4xm/is_it_me_or_the_job/,14,3,5/1/2025
1eajfrd,https://www.reddit.com/r/womenintech/comments/1eajfrd/what_to_do_after_small_success/,14,8,5/1/2025
1e6oia4,https://www.reddit.com/r/womenintech/comments/1e6oia4/data_analyst_feeling_inadequate_when_speaking/,15,9,5/1/2025
1drk37o,https://v.redd.it/6kn6hmi9e99d1,15,4,5/1/2025
1d7iv91,https://www.reddit.com/r/womenintech/comments/1d7iv91/joining_an_all_male_intern_team_all_advice/,13,9,5/1/2025
1cg2mn9,https://www.reddit.com/r/womenintech/comments/1cg2mn9/how_do_i_easily_pass_the_comptia_network_exam/,14,16,5/1/2025
1hf4v6q,https://www.reddit.com/r/womenintech/comments/1hf4v6q/how_do_you_keep_track_of_tasks_at_work/,14,22,5/1/2025
1hd9dlq,https://www.reddit.com/r/womenintech/comments/1hd9dlq/advice_for_skiplevel_meeting/,13,5,5/1/2025
1h954yb,https://www.reddit.com/r/womenintech/comments/1h954yb/how_in_the_hell_am_i_supposed_to_get_this_done/,12,17,5/1/2025
1h5bwhs,https://interviewing.io/blog/i-love-meritocracy-but-all-the-recent-anti-dei-rhetoric-is-bad,12,2,5/1/2025
1gngomn,https://www.reddit.com/r/womenintech/comments/1gngomn/wrongly_pip_and_discrimination_at_work_place/,13,19,5/1/2025
1gmy23b,https://youtu.be/KmQLhtlHO1o?si=M6piJQiXl-m6wuYn,13,0,5/1/2025
1ghspmw,https://www.reddit.com/r/womenintech/comments/1ghspmw/struggling_to_find_a_career_fit_too_much_of_a/,13,5,5/1/2025
1g7btjg,https://www.reddit.com/r/womenintech/comments/1g7btjg/recruiter_call_after_grace_hopper_conference_what/,13,7,5/1/2025
1g4sm6u,https://www.reddit.com/r/womenintech/comments/1g4sm6u/seeking_advice_on_how_to_deal_with_creeps/,13,33,5/1/2025
1fz6p2u,https://www.reddit.com/r/womenintech/comments/1fz6p2u/the_best_data_visualization_course/,13,4,5/1/2025
1fxcs96,https://www.reddit.com/r/womenintech/comments/1fxcs96/looking_for_people_in_uk_or_eu_to_work_on/,13,8,5/1/2025
1fuve7w,https://www.reddit.com/r/womenintech/comments/1fuve7w/what_did_you_use_to_do_before_tech_and_how_you/,13,31,5/1/2025
1fubdxb,https://www.reddit.com/r/womenintech/comments/1fubdxb/how_do_i_deal_with_my_tech_lead/,13,15,5/1/2025
1fncsoz,https://www.reddit.com/r/womenintech/comments/1fncsoz/getting_a_foot_in_the_door/,13,3,5/1/2025
1fkgak2,https://www.reddit.com/r/womenintech/comments/1fkgak2/review_stem_story/,12,5,5/1/2025
1f88fs7,https://www.reddit.com/r/womenintech/comments/1f88fs7/what_is_your_freelance_job/,13,13,5/1/2025
1f7u3ms,https://www.reddit.com/r/womenintech/comments/1f7u3ms/feeling_stuck_in_my_current_role/,13,9,5/1/2025
1f4ld4a,https://www.reddit.com/r/womenintech/comments/1f4ld4a/laid_off_and_need_suggestions_on_what_next/,14,3,5/1/2025
1e10isu,https://www.reddit.com/r/womenintech/comments/1e10isu/looking_for_advice_on_how_to_navigate_an/,13,10,5/1/2025
1dg8jj1,https://www.reddit.com/r/womenintech/comments/1dg8jj1/tips_for_mentoring_others/,12,8,5/1/2025
1hnsmft,https://www.reddit.com/r/womenintech/comments/1hnsmft/job_networking_where_how_do_i_start/,12,4,5/1/2025
1gfokdh,https://www.reddit.com/r/womenintech/comments/1gfokdh/to_stay_or_not_to_stay_an_acquisition_production/,12,14,5/1/2025
1gehtjl,https://www.reddit.com/r/womenintech/comments/1gehtjl/faang_to_where/,12,16,5/1/2025
1g71uah,https://www.reddit.com/r/womenintech/comments/1g71uah/nd_hands_up/,12,12,5/1/2025
1g5t2jo,https://www.reddit.com/r/womenintech/comments/1g5t2jo/any_tips_for_managing_burnout_before_joining_a/,11,1,5/1/2025
1g41ekn,https://www.reddit.com/r/womenintech/comments/1g41ekn/exhausted_single_mom_dev/,12,27,5/1/2025
1fxwvgy,https://i.redd.it/o6f4inrjr8td1.jpeg,12,2,5/1/2025
1foswb8,https://www.reddit.com/r/womenintech/comments/1foswb8/hiring_managers_how_have_candidates_impressed_you/,11,11,5/1/2025
1f84jng,https://www.reddit.com/r/womenintech/comments/1f84jng/i_have_very_varied_experience_but_no_degree_is_it/,12,8,5/1/2025
1f274cj,https://www.reddit.com/r/womenintech/comments/1f274cj/mental_health_issues_and_need_help_to_navigate/,12,4,5/1/2025
1f18vex,https://www.reddit.com/r/womenintech/comments/1f18vex/leadership_positions/,11,7,5/1/2025
1eu1825,https://www.reddit.com/r/womenintech/comments/1eu1825/is_it_worth_attending_the_grace_hopper/,11,4,5/1/2025
1esgiau,https://www.reddit.com/r/womenintech/comments/1esgiau/parental_leave_policies/,12,1,5/1/2025
1e3hx96,https://www.reddit.com/r/womenintech/comments/1e3hx96/what_do_you_use_to_keep_track_of_your_tasks_plan/,13,10,5/1/2025
1dzuy82,https://www.insights.onegiantleap.com/blogs/untitled-2//?utm_source=reddit&utm_medium=affiliate&utm_campaign=leap25,12,1,5/1/2025
1cyj4le,https://www.reddit.com/r/womenintech/comments/1cyj4le/interviewing_for_role_do_i_tell_them_im_on_the/,12,14,5/1/2025
1cg2zvm,https://www.women-in-tech-dc.com,12,2,5/1/2025
1cd22kl,https://www.reddit.com/r/womenintech/comments/1cd22kl/online_python_courses/,13,7,5/1/2025
1hl38iw,https://www.reddit.com/r/womenintech/comments/1hl38iw/resignation_advice/,11,3,5/1/2025
1hk8coi,https://www.reddit.com/r/womenintech/comments/1hk8coi/seeking_early_career_advice_stay_high_tc_non/,11,22,5/1/2025
1hixhsz,https://www.reddit.com/r/womenintech/comments/1hixhsz/getting_past_work_ptsd_for_a_new_job_search/,12,5,5/1/2025
1h7dorh,https://www.reddit.com/r/womenintech/comments/1h7dorh/how_to_get_started_building_a_tech_portfolio_to/,12,8,5/1/2025
1h5ulat,https://www.reddit.com/r/womenintech/comments/1h5ulat/why_do_big_tech_companies_respond_more_than/,10,12,5/1/2025
1h1qy14,https://www.reddit.com/r/womenintech/comments/1h1qy14/is_making_personal_projects_the_right_way_to_come/,11,9,5/1/2025
1h17r2a,https://www.business-live.co.uk/enterprise/number-women-top-positions-ftse-30451237?utm_source=reddit&utm_medium=post&utm_campaign=reddit,10,0,5/1/2025
1gw7h42,https://www.reddit.com/r/womenintech/comments/1gw7h42/tech_industry_personalities/,12,4,5/1/2025
1gtober,https://www.reddit.com/r/womenintech/comments/1gtober/offshoreproof_tech_roles/,11,40,5/1/2025
1gpxr1h,https://www.reddit.com/r/womenintech/comments/1gpxr1h/searching_for_wisdom_25_years_in_the_industry/,12,6,5/1/2025
1gekv6w,https://www.reddit.com/r/womenintech/comments/1gekv6w/great_books_on_how_to_thrive_as_a_woman_in_tech/,10,3,5/1/2025
1g885py,https://www.reddit.com/r/womenintech/comments/1g885py/wit_spaghetti_code_or_organized_modular_codebase/,11,33,5/1/2025
1g79gqw,https://www.reddit.com/r/womenintech/comments/1g79gqw/feeling_stuck_and_looking_for_guidance_looking_to/,9,11,5/1/2025
1g5fsbl,https://www.reddit.com/r/womenintech/comments/1g5fsbl/being_forced_out_resume_writing_and_job_targeting/,12,39,5/1/2025
1g3l1bc,https://www.reddit.com/r/womenintech/comments/1g3l1bc/did_you_pivot_from_uiux_or_product_design_into/,11,2,5/1/2025
1g0sd3w,https://www.reddit.com/r/womenintech/comments/1g0sd3w/so_is_this_gonna_get_better_or/,11,3,5/1/2025
1fvwiga,https://www.reddit.com/r/womenintech/comments/1fvwiga/how_to_move_to_another_country_as_a_software/,11,10,5/1/2025
1ft3cbc,https://www.reddit.com/r/womenintech/comments/1ft3cbc/dev_degree_but_dont_want_to_be_a_dev_please_help/,11,35,5/1/2025
1fiuo6q,https://www.reddit.com/r/womenintech/comments/1fiuo6q/scrum_master_and_project_management_roles/,10,7,5/1/2025
1filll7,https://www.reddit.com/r/womenintech/comments/1filll7/looking_for_a_female_tech_cofounder_to_build/,10,8,5/1/2025
1fi34xb,https://www.reddit.com/r/womenintech/comments/1fi34xb/taking_a_support_role/,10,21,5/1/2025
1ffbcx4,https://www.reddit.com/r/womenintech/comments/1ffbcx4/fired_twice_in_the_same_year/,11,12,5/1/2025
1ff2ttd,https://www.reddit.com/r/womenintech/comments/1ff2ttd/pms_and_pos_am_i_getting_lied_to_about_career/,13,16,5/1/2025
1feha4u,https://www.reddit.com/r/womenintech/comments/1feha4u/women_in_tech_conferences/,12,2,5/1/2025
1faukly,https://www.reddit.com/r/womenintech/comments/1faukly/looking_for_advice_on_boosting_my_confidence_at/,11,4,5/1/2025
1f6k8n8,https://www.reddit.com/r/womenintech/comments/1f6k8n8/which_tech_specialty_to_transition_to/,10,77,5/1/2025
1eg62jd,https://www.reddit.com/r/womenintech/comments/1eg62jd/anyone_here_in_tech_sales/,11,6,5/1/2025
1dus52n,https://www.reddit.com/r/womenintech/comments/1dus52n/networking_for_women_in_tech/,11,7,5/1/2025
1dt11pa,https://www.reddit.com/r/womenintech/comments/1dt11pa/pay_differences_how_do_you_negotiate_pay/,13,6,5/1/2025
1ds426h,https://www.reddit.com/r/womenintech/comments/1ds426h/i_dont_know_anything_and_i_want_to_start/,11,53,5/1/2025
1dih820,https://www.reddit.com/r/womenintech/comments/1dih820/anyone_moving_out_of_tech_industry/,11,4,5/1/2025
1d7r22m,https://www.reddit.com/r/womenintech/comments/1d7r22m/any_tips_and_support_requested/,11,3,5/1/2025
1cs0io3,https://www.reddit.com/r/womenintech/comments/1cs0io3/resume_review_job_hunt_help/,11,21,5/1/2025
1crr5d0,https://www.reddit.com/r/womenintech/comments/1crr5d0/have_yall_ever_worked_at_it_at_united_airlines/,11,15,5/1/2025
1cjpu5a,https://www.reddit.com/r/womenintech/comments/1cjpu5a/finding_a_mentor/,11,5,5/1/2025
1ciytt4,https://www.reddit.com/r/womenintech/comments/1ciytt4/learning_while_working_and_being_a_mom/,12,7,5/1/2025
1hck1fb,https://www.reddit.com/r/womenintech/comments/1hck1fb/what_do_you_wish_you_knew/,9,21,5/1/2025
1hcaykm,https://www.reddit.com/r/womenintech/comments/1hcaykm/about_to_crash_out_really_needing_advice/,9,13,5/1/2025
1hbsqhi,https://www.reddit.com/r/womenintech/comments/1hbsqhi/what_are_your_top_3_weaknesses/,11,41,5/1/2025
1hb6gst,https://www.reddit.com/r/womenintech/comments/1hb6gst/was_it_ever_worth_it_to_get_a_lawyer_when_you_are/,10,18,5/1/2025
1h60la4,https://www.reddit.com/r/womenintech/comments/1h60la4/should_i_do_the_minimum/,10,10,5/1/2025
1gy2b2n,https://www.reddit.com/r/womenintech/comments/1gy2b2n/discord_for_this_subreddit/,11,8,5/1/2025
1gw1t4v,https://www.reddit.com/r/womenintech/comments/1gw1t4v/software_engineer_39_years/,9,19,5/1/2025
1gizu2t,https://www.reddit.com/r/womenintech/comments/1gizu2t/whats_the_job_market_like_in_canada/,9,29,5/1/2025
1gep4f9,https://www.reddit.com/r/womenintech/comments/1gep4f9/tired_of_doing_work_for_no_credit/,9,3,5/1/2025
1gak1s8,https://www.reddit.com/r/womenintech/comments/1gak1s8/how_long_is_long_enough/,11,13,5/1/2025
1g0wuc5,https://i.redd.it/bg8vj7x8p0ud1.jpeg,11,1,5/1/2025
1g0958p,https://www.reddit.com/r/womenintech/comments/1g0958p/need_advice_on_situation_with_a_professor/,8,5,5/1/2025
1fso8tk,https://www.reddit.com/r/womenintech/comments/1fso8tk/how_to_pivot_my_career_to_a_part_time_role/,11,2,5/1/2025
1fs7g62,https://www.reddit.com/r/womenintech/comments/1fs7g62/tradeshow_attire_elevating_a_company_tshirt/,10,18,5/1/2025
1fl64pi,https://www.reddit.com/r/womenintech/comments/1fl64pi/tips_and_advice_for_my_first_job_as_a_swe/,9,3,5/1/2025
1fasci1,https://www.reddit.com/r/womenintech/comments/1fasci1/what_should_i_do_with_my_degree/,10,3,5/1/2025
1f1tm27,https://www.reddit.com/r/womenintech/comments/1f1tm27/tech_mba/,11,2,5/1/2025
1ezdfbu,https://www.reddit.com/r/womenintech/comments/1ezdfbu/ran_across_this_today/,11,0,5/1/2025
1eyqd7o,https://i.redd.it/y3ag4pyra9kd1.jpeg,10,5,5/1/2025
1excwh7,https://www.reddit.com/r/womenintech/comments/1excwh7/is_this_part_of_the_job/,10,10,5/1/2025
1eqh0za,https://www.reddit.com/r/womenintech/comments/1eqh0za/what_are_the_biggest_challenges_you_face_in_tech/,9,30,5/1/2025
1eiexgo,https://www.reddit.com/r/womenintech/comments/1eiexgo/are_mbas_really_that_bad_engineering_degree_want/,11,9,5/1/2025
1e3sv0b,https://www.reddit.com/r/womenintech/comments/1e3sv0b/seeking_feedback/,10,12,5/1/2025
1e3mrwp,https://www.reddit.com/r/womenintech/comments/1e3mrwp/journalists_looking_to_speak_with_women_in_tech/,9,4,5/1/2025
1dg9ifp,https://www.reddit.com/r/womenintech/comments/1dg9ifp/should_i_pursue_a_job_with_someone_who_seems/,10,8,5/1/2025
1dfs64o,https://www.reddit.com/r/womenintech/comments/1dfs64o/feeling_stuck_after_layoff_and_seeking_advice/,10,4,5/1/2025
1dbie86,https://www.reddit.com/r/womenintech/comments/1dbie86/upcoming_presentation_advice/,11,9,5/1/2025
1d51lh5,https://www.reddit.com/r/womenintech/comments/1d51lh5/fellow_business_owners_tips_on_telling_clients/,11,5,5/1/2025
1d2ez69,https://www.reddit.com/r/womenintech/comments/1d2ez69/hopeful_career_switcher/,9,8,5/1/2025
1cw1bd4,https://www.reddit.com/r/womenintech/comments/1cw1bd4/advice_on_whether_to_do_cs_or_swe/,10,7,5/1/2025
1cin3cy,https://www.reddit.com/r/womenintech/comments/1cin3cy/feeling_stuck_with_no_feedback/,10,8,5/1/2025
1hc3w8n,https://www.reddit.com/r/womenintech/comments/1hc3w8n/please_share_your_best_resources_for_learning/,9,0,5/1/2025
1ha6937,https://www.reddit.com/r/womenintech/comments/1ha6937/please_help_me_with_my_questionnaire/,9,8,5/1/2025
1gvwkqk,https://www.reddit.com/r/womenintech/comments/1gvwkqk/se_at_a_saas_company/,8,6,5/1/2025
1gt2q23,https://www.reddit.com/r/womenintech/comments/1gt2q23/looking_for_advice_on_how_to_find_mentors/,9,7,5/1/2025
1grysf1,https://www.reddit.com/r/womenintech/comments/1grysf1/new_job_opportunity_incoming_nov_21/,10,1,5/1/2025
1gpqdmk,https://www.reddit.com/r/womenintech/comments/1gpqdmk/any_women_indie_app_developers/,8,11,5/1/2025
1gjhnw2,https://www.reddit.com/r/womenintech/comments/1gjhnw2/how_do_i_get_a_short_term_disability_from_my/,9,25,5/1/2025
1gfmnu5,https://www.reddit.com/r/womenintech/comments/1gfmnu5/recommendations_for_finding_mentors/,9,3,5/1/2025
1g9rf3t,https://www.reddit.com/r/womenintech/comments/1g9rf3t/keeping_busy_at_work_in_an_understimulating/,8,12,5/1/2025
1g9mm9d,https://www.reddit.com/r/womenintech/comments/1g9mm9d/vent_is_this_normal_and_should_i_say_anything/,9,35,5/1/2025
1g8z35p,https://www.reddit.com/r/womenintech/comments/1g8z35p/should_i_leave_my_remote_job_for_a_15k_raise_but/,9,12,5/1/2025
1g00yzt,https://www.reddit.com/r/womenintech/comments/1g00yzt/seeking_advice_it_intern_dilemma_is_it_worth_it/,10,2,5/1/2025
1fzhyif,https://www.reddit.com/r/womenintech/comments/1fzhyif/what_is_the_best_course_of_action_to_successfully/,10,13,5/1/2025
1fzaoeb,https://www.reddit.com/r/womenintech/comments/1fzaoeb/follow_ups_and_unsolicited_decks_for_interview/,9,6,5/1/2025
1fvitkw,https://www.reddit.com/r/womenintech/comments/1fvitkw/free_work_presentations_in_interview_process/,9,13,5/1/2025
1fueig4,https://www.reddit.com/r/womenintech/comments/1fueig4/layoffs_and_career_change_what_udemy_courses_can/,8,12,5/1/2025
1fqbzbk,https://www.reddit.com/r/womenintech/comments/1fqbzbk/looking_for_a_study_partner/,8,1,5/1/2025
1fnaal8,https://www.reddit.com/r/womenintech/comments/1fnaal8/what_to_wear_to_grace_hopper_conf/,11,11,5/1/2025
1fd756k,https://www.reddit.com/r/womenintech/comments/1fd756k/looking_for_job_fair_and_conferences/,10,3,5/1/2025
1fcgm72,https://www.reddit.com/r/womenintech/comments/1fcgm72/ghc_2024_resume_drop_portal/,10,4,5/1/2025
1fc5ugz,https://www.reddit.com/r/womenintech/comments/1fc5ugz/i_am_32f_and_looking_to_start_a_career_in_tech_i/,9,9,5/1/2025
1f6i7qe,/r/careeradvice/comments/1f6hdkl/to_job_hop_or_not_to_job_hop/,8,8,5/1/2025
1f26ac1,https://www.reddit.com/r/womenintech/comments/1f26ac1/help_needed_navigating_a_new_job_offer_while/,8,4,5/1/2025
1ezwvf7,https://www.reddit.com/r/womenintech/comments/1ezwvf7/anyone_have_background_in_information_systems/,9,5,5/1/2025
1id1qho,https://i.redd.it/mdim80ciezfe1.jpeg,11811,236,5/1/2025
1ii7ikq,https://v.redd.it/w9vsishjn8he1,11501,117,5/1/2025
1i5vxyt,https://www.reddit.com/r/womenintech/comments/1i5vxyt/today_is_an_especially_dark_day_for_women_in_the/,10630,1023,5/1/2025
1j6jwbs,https://i.redd.it/dvbfo0khlhne1.jpeg,5636,213,5/1/2025
1ins8xu,https://thenewfeminist.co.uk/2025/02/more-than-100-women-kept-as-slaves-in-illegal-egg-harvesting-farm-in-georgia/?amp=1,5126,273,5/1/2025
1ig5rht,https://www.reddit.com/r/womenintech/comments/1ig5rht/my_male_coworker_got_a_standing_ovation_for/,4223,321,5/1/2025
1j4p2vn,https://www.reddit.com/r/womenintech/comments/1j4p2vn/may_you_have_the_confidence_of_a_mediocre_tall/,4154,163,5/1/2025
1iilmi5,https://www.wsj.com/tech/google-kills-diversity-hiring-targets-04433d7c,3896,367,5/1/2025
1iyqsxg,https://www.reddit.com/r/womenintech/comments/1iyqsxg/women_arent_the_ones_that_are_too_emotional_in/,3834,157,5/1/2025
1j4e8or,https://www.reddit.com/r/womenintech/comments/1j4e8or/removed_by_reddit/,3781,159,5/1/2025
1ijy8jq,https://v.redd.it/srnv8d51oqhe1,3559,116,5/1/2025
1jzcfav,https://i.redd.it/p4nhcxad7vue1.jpeg,3431,69,5/1/2025
1j7zqgg,https://www.reddit.com/r/womenintech/comments/1j7zqgg/i_was_a_corporate_overachiever_3_harsh_truths/,3281,151,5/1/2025
1inybyz,https://gizmodo.com/the-list-of-trumps-forbidden-words-that-will-get-your-paper-flagged-at-nsf-2000559661,3180,146,5/1/2025
1jvaij6,https://www.reddit.com/r/womenintech/comments/1jvaij6/got_hired_because_they_have_another_woman_whom/,3110,86,5/1/2025
1i9n6kp,https://www.reddit.com/r/womenintech/comments/1i9n6kp/im_sick_of_hot_takes_from_men_in_this_subreddit/,3068,502,5/1/2025
1ipcpif,https://www.404media.co/anyone-can-push-updates-to-the-doge-gov-website-2/,3042,125,5/1/2025
1ja6keu,https://www.reddit.com/r/womenintech/comments/1ja6keu/it_finally_happened_to_me_youre_not_technical/,2967,125,5/1/2025
1ibmuvn,https://i.redd.it/r4pg5j6bamfe1.jpeg,2905,30,5/1/2025
1i2fs60,https://kfor.com/news/oklahoma-legislature/marriage-and-child-incentive-bills-look-to-curve-divorce-rate/,2858,538,5/1/2025
1iw1kft,https://www.reddit.com/gallery/1iw1kft,2828,527,5/1/2025
1j223ab,https://www.reddit.com/r/womenintech/comments/1j223ab/men_arent_as_smart_as_they_pretend_to_be_my/,2766,211,5/1/2025
1il5wpq,https://www.whitehouse.gov/presidential-actions/2025/01/ending-radical-indoctrination-in-k-12-schooling/,2733,147,5/1/2025
1iq5885,https://www.reddit.com/r/womenintech/comments/1iq5885/i_am_crying_i_am_so_scared/,2654,345,5/1/2025
1iduz00,https://www.reddit.com/r/womenintech/comments/1iduz00/anyones_workplace_not_a_shit_show_right_now/,2352,451,5/1/2025
1ii1odj,https://www.reddit.com/r/womenintech/comments/1ii1odj/which_felony_should_i_commit_all_the_successful/,2346,116,5/1/2025
1i30fdh,https://www.reddit.com/r/womenintech/comments/1i30fdh/men_just_ganged_up_on_me_and_i_didnt_just_take_it/,2254,221,5/1/2025
1jlircu,https://www.reddit.com/r/womenintech/comments/1jlircu/i_broke_the_glass_ceilingbut_the_shards_stuck_in/,2253,99,5/1/2025
1i6rv0m,https://www.reddit.com/r/womenintech/comments/1i6rv0m/men_in_this_subreddit/,2177,413,5/1/2025
1k6ppt3,https://www.reddit.com/r/womenintech/comments/1k6ppt3/sex_discrimination_is_about_to_get_worse/,2167,230,5/1/2025
1i6vjes,https://www.reddit.com/r/womenintech/comments/1i6vjes/stop_doing_glue_work_today/,2140,106,5/1/2025
1hyq33b,https://www.reddit.com/r/womenintech/comments/1hyq33b/dei_being_shut_out/,2131,672,5/1/2025
1i4km91,https://www.reddit.com/r/womenintech/comments/1i4km91/lets_delete_our_fb_accounts/,2083,350,5/1/2025
1hvtfqi,https://www.reddit.com/r/womenintech/comments/1hvtfqi/men_will_men/,2076,280,5/1/2025
1jt2pns,https://i.redd.it/al2uhsjoq9te1.jpeg,2039,16,5/1/2025
1iuzoy8,https://v.redd.it/2jw3zmagpjke1,2028,53,5/1/2025
1ibb7mj,https://i.redd.it/u4rzwd11yjfe1.jpeg,2006,111,5/1/2025
1j6li8g,https://www.reddit.com/r/womenintech/comments/1j6li8g/removed_by_reddit/,1992,115,5/1/2025
1i7rkf0,https://www.reddit.com/r/womenintech/comments/1i7rkf0/i_did_it_thank_you_women_in_tech/,1953,85,5/1/2025
1ig92k1,https://i.redd.it/tm7neqzlrrge1.jpeg,1814,148,5/1/2025
1jusbj2,https://www.reddit.com/r/womenintech/comments/1jusbj2/amazons_frugality_isnt_efficientits_dystopian/,1809,129,5/1/2025
1k6esa4,https://www.reddit.com/r/womenintech/comments/1k6esa4/i_got_the_job/,1773,96,5/1/2025
1j3nadw,https://i.redd.it/p5r7hqwizqme1.jpeg,1768,74,5/1/2025
1k7sz7v,https://www.reddit.com/r/womenintech/comments/1k7sz7v/interviewing_young_women/,1739,105,5/1/2025
1i6m7gn,https://www.reddit.com/r/womenintech/comments/1i6m7gn/working_in_tech_has_taught_me_that_if_youre/,1735,220,5/1/2025
1io3my1,https://i.redd.it/xbiei0mlasie1.jpeg,1599,5,5/1/2025
1j5qut9,https://www.reddit.com/r/womenintech/comments/1j5qut9/google_removed_womens_day_from_cal/,1581,158,5/1/2025
1hsd1gw,https://www.reddit.com/r/womenintech/comments/1hsd1gw/does_anyone_else_feel_bothered_by_the_amount_of/,1505,429,5/1/2025
1i67u6g,https://www.reddit.com/r/womenintech/comments/1i67u6g/appalled_that_priscilla_chan_attended_trumps/,1478,216,5/1/2025
1iihhab,https://www.reddit.com/r/womenintech/comments/1iihhab/well_it_officially_happened_my_company_gutted_eeo/,1458,182,5/1/2025
1jrf6sx,https://www.reddit.com/r/womenintech/comments/1jrf6sx/advice_to_younger_women_in_tech/,1459,111,5/1/2025
1k4vp7g,https://i.redd.it/2g4fqikus9we1.jpeg,1408,146,5/1/2025
1j8dxu0,https://www.reddit.com/r/womenintech/comments/1j8dxu0/watch_what_happens_when_you_start_to_outdo_them/,1363,119,5/1/2025
1ieissa,https://www.reddit.com/r/womenintech/comments/1ieissa/a_long_tale_of_an_longtime_woman_in_tech/,1355,108,5/1/2025
1jfryvq,https://www.npr.org/2025/03/20/nx-s1-5332213/jobs-women-trump-dei-civil-rights,1321,136,5/1/2025
1jtre26,https://i.redd.it/nj4clixx9gte1.jpeg,1305,123,5/1/2025
1iopu87,https://www.reddit.com/r/womenintech/comments/1iopu87/where_is_anonymous/,1282,107,5/1/2025
1j6zslr,https://www.reddit.com/gallery/1j6zslr,1284,17,5/1/2025
1i4x8hx,https://www.reddit.com/r/womenintech/comments/1i4x8hx/women_with_genderneutral_names_have_you_ever/,1255,124,5/1/2025
1ijx183,https://www.reddit.com/r/womenintech/comments/1ijx183/i_feel_sick_listening_to_my_middleage_tech_bro/,1151,194,5/1/2025
1iimd1y,https://gizmodo.com/nasa-ordered-to-remove-anything-about-women-in-leadership-from-its-websites-report-2000559596,1134,76,5/1/2025
1iqmmk5,https://www.reddit.com/r/womenintech/comments/1iqmmk5/i_learned_these_workplace_rules_the_hard_way_wish/,1100,73,5/1/2025
1iy2z37,https://www.reddit.com/r/womenintech/comments/1iy2z37/boyfriend_got_a_job_offer_at_my_work_his/,1095,291,5/1/2025
1j0si1h,https://www.reddit.com/r/womenintech/comments/1j0si1h/got_denied_a_promotion_for_not_being_in_shape/,1072,59,5/1/2025
1j68up5,https://www.reddit.com/r/womenintech/comments/1j68up5/anyone_here_start_off_as_high_performer_and_then/,1061,93,5/1/2025
1jx2xl1,https://www.reddit.com/r/womenintech/comments/1jx2xl1/update_i_met_the_other_woman_today/,1052,18,5/1/2025
1i8mnj6,https://www.reddit.com/r/womenintech/comments/1i8mnj6/vp_missed_my_interview_update/,1044,24,5/1/2025
1ij96wy,https://i.redd.it/q93bpknb8khe1.jpeg,1028,79,5/1/2025
1ijlo4l,https://thebulletin.org/2025/02/why-doges-meddling-at-treasury-could-have-catastrophic-consequences-for-the-us-economy/,1025,48,5/1/2025
1im5ry0,https://www.reddit.com/r/womenintech/comments/1im5ry0/the_privilege_is_real/,1022,77,5/1/2025
1i9t0kp,https://www.reddit.com/r/womenintech/comments/1i9t0kp/to_the_men_in_this_sub/,1017,98,5/1/2025
1ibi2q0,https://www.reddit.com/r/womenintech/comments/1ibi2q0/why_you_should_interview_for_companies_run_by/,935,43,5/1/2025
1iy1gr5,https://www.reddit.com/r/womenintech/comments/1iy1gr5/underperforming_man_pushed_through/,926,52,5/1/2025
1jj709e,https://www.reddit.com/r/womenintech/comments/1jj709e/asked_if_i_create_18_content_at_a_company/,929,27,5/1/2025
1jfwhxq,https://peopleofcolorintech.com/articles/google-agrees-to-pay-28m-in-racial-bias-lawsuit-after-black-employees-excluded/?utm_source=POCIT+Newsletter&utm_campaign=3d7a772a40-Newsletter+430&utm_medium=email&utm_term=0_5e3350f142-3d7a772a40-332390021,926,9,5/1/2025
1is7qk5,https://www.reddit.com/r/womenintech/comments/1is7qk5/who_helped_you_with_this/,926,84,5/1/2025
1iieula,https://www.reddit.com/r/womenintech/comments/1iieula/any_other_women_noticing_outright_misogyny_during/,882,154,5/1/2025
1i0wh9v,https://www.reddit.com/r/womenintech/comments/1i0wh9v/watching_a_team_undergo_a_cultural_shift_before/,879,43,5/1/2025
1j77svu,https://www.reddit.com/r/womenintech/comments/1j77svu/reached_out_to_a_woman_in_leadership_for_advice/,855,143,5/1/2025
1iccixl,https://www.reddit.com/r/womenintech/comments/1iccixl/i_got_the_job/,841,48,5/1/2025
1j0nmxv,https://v.redd.it/eaf7t4f57zle1,817,18,5/1/2025
1in3rfb,https://www.reddit.com/gallery/1in3rfb,812,75,5/1/2025
1iqlyrx,https://www.reddit.com/gallery/1ind141,801,4,5/1/2025
1jgoj71,https://www.reddit.com/r/womenintech/comments/1jgoj71/they_treat_you_like_youre_nothing/,800,66,5/1/2025
1idjnlq,https://www.reddit.com/r/womenintech/comments/1idjnlq/just_got_a_message_in_a_teams_group_morning_gents/,789,154,5/1/2025
1ie1w6g,https://www.reddit.com/r/womenintech/comments/1ie1w6g/ladies_buckle_up/,786,64,5/1/2025
1j1pr8p,https://www.reddit.com/r/womenintech/comments/1j1pr8p/what_is_this_syndrome_called/,784,103,5/1/2025
1js9avc,https://www.reddit.com/r/womenintech/comments/1js9avc/is_this_a_cultural_thing/,760,132,5/1/2025
1ivwo05,https://www.reddit.com/r/womenintech/comments/1ivwo05/quitting_tech/,758,146,5/1/2025
1j3gwhk,https://www.reddit.com/r/womenintech/comments/1j3gwhk/i_got_promoted_and_suddenly_things_changed/,749,77,5/1/2025
1ka5kua,https://www.reddit.com/r/womenintech/comments/1ka5kua/women_who_work_in_tech_are_women_in_tech/,748,254,5/1/2025
1i3t0ra,https://www.reddit.com/r/womenintech/comments/1i3t0ra/any_idea_why_tech_bros_are_the_most_misogynistic/,743,236,5/1/2025
1iwo9t9,https://www.reddit.com/r/womenintech/comments/1iwo9t9/ive_finally_surrendered_to_never_finding_a_job_in/,733,71,5/1/2025
1k2ip3p,https://www.reddit.com/r/womenintech/comments/1k2ip3p/ugh_being_the_truth_teller/,731,50,5/1/2025
1hqrqti,https://www.reddit.com/r/womenintech/comments/1hqrqti/anyone_else_not_looking_forward_to_going_back_to/,715,50,5/1/2025
1k33wc8,https://www.reddit.com/r/womenintech/comments/1k33wc8/what_are_examples_that_made_you_realize_men_were/,710,96,5/1/2025
1is5txj,https://www.reddit.com/r/womenintech/comments/1is5txj/were_those_of_us_laid_off_pawns_in_whats/,701,132,5/1/2025
1igq1es,https://www.reddit.com/r/womenintech/comments/1igq1es/younger_make_coworker_got_promoted_over_mecant/,696,104,5/1/2025
1i27dwg,https://www.reddit.com/r/womenintech/comments/1i27dwg/working_from_home_to_avoid_men/,702,91,5/1/2025
1i9tot9,https://www.reddit.com/r/womenintech/comments/1i9tot9/i_was_bullied_out_of_my_role_but_didnt_leave/,691,36,5/1/2025
1jh5we1,https://www.reddit.com/r/womenintech/comments/1jh5we1/tech_bros_destroyed_my_joy_for_my_passion/,687,98,5/1/2025
1jycopf,https://www.reddit.com/r/womenintech/comments/1jycopf/it_happened_right_in_front_of_me/,679,39,5/1/2025
1hyzbbq,https://www.reddit.com/r/womenintech/comments/1hyzbbq/job_openings_at_nintendo_we_need_more_women/,661,68,5/1/2025
1ig5bdt,https://imgur.com/a/OrmTKKv,648,74,5/1/2025
1idpbht,https://www.state.gov/united-states-renewed-membership-in-the-geneva-consensus-declaration-on-promoting-womens-health-and-strengthening-the-family/,644,49,5/1/2025
1jlsyil,https://www.reddit.com/r/womenintech/comments/1jlsyil/women_are_seen_as_nagging/,634,50,5/1/2025
1k8pl8x,https://i.redd.it/evuaint8f9xe1.jpeg,632,101,5/1/2025
1jcatgj,https://www.reddit.com/r/womenintech/comments/1jcatgj/is_our_only_option_to_be_a_btch/,635,74,5/1/2025
1iid3qb,https://youtu.be/5RpPTRcz1no?si=9Ly2nlbKI2bipboQ,629,40,5/1/2025
1jpyu21,https://www.reddit.com/r/womenintech/comments/1jpyu21/mediocre_geniuses/,619,70,5/1/2025
1itce3x,https://i.redd.it/qla8ze3u05ke1.jpeg,607,77,5/1/2025
1iuph40,https://www.reddit.com/r/womenintech/comments/1iuph40/5_months_i_came_on_here_asking_i_i_should_quit/,603,36,5/1/2025
1ixfjyg,https://www.reddit.com/r/womenintech/comments/1ixfjyg/they_didnt_know_i_could_hear_them_talking_about_me/,600,53,5/1/2025
1i1l53b,https://www.reddit.com/gallery/1i1l53b,591,107,5/1/2025
1i676m1,https://www.reddit.com/r/womenintech/comments/1i676m1/what_does_theprotecting_women_from_radical/,564,130,5/1/2025
1jecwg0,https://www.reddit.com/r/womenintech/comments/1jecwg0/real_talk_do_you_hide_your_relationship_and/,561,159,5/1/2025
1hzxl6z,https://www.reddit.com/r/womenintech/comments/1hzxl6z/thoughts_on_mark_zuckerbergs_most_companies_need/,560,385,5/1/2025
1jf4aym,https://www.reddit.com/r/womenintech/comments/1jf4aym/careless_people_worth_a_read_book_about_meta/,557,102,5/1/2025
1iuiou7,https://i.redd.it/bkeu03m49fke1.jpeg,552,80,5/1/2025
1k6vz8j,https://www.reddit.com/r/womenintech/comments/1k6vz8j/silly_thing_to_cry_over/,552,19,5/1/2025
1iz1l1x,https://www.reddit.com/r/womenintech/comments/1iz1l1x/masculine_energy/,544,227,5/1/2025
1ib17fd,https://www.reddit.com/r/womenintech/comments/1ib17fd/to_say_that_straight_men_are_heterosexual_is_only/,537,55,5/1/2025
1i0362u,https://www.reddit.com/r/womenintech/comments/1i0362u/if_youre_shocked_by_metas_announcements_but_still/,539,171,5/1/2025
1ia164c,/r/4bmovement/comments/1i9y15i/a_26yo_woman_feared_the_man_she_was_with_so_she/,535,54,5/1/2025
1iht6nf,https://www.reddit.com/r/womenintech/comments/1iht6nf/does_anyone_else_have_a_linkedin_feed_full_of_men/,529,46,5/1/2025
1jk7glo,https://www.reddit.com/r/womenintech/comments/1jk7glo/let_your_male_cofounder_talk_about_the_tech/,515,52,5/1/2025
1jnh8a5,https://www.comicbasics.com/nasa-removes-graphic-novels-about-women-astronauts/,514,8,5/1/2025
1hz7utj,https://www.reddit.com/r/womenintech/comments/1hz7utj/how_are_meta_employees_feeling/,512,244,5/1/2025
1i9vowi,https://www.reddit.com/r/womenintech/comments/1i9vowi/i_was_fired_yesterday/,515,159,5/1/2025
1jjd1ui,https://www.reddit.com/r/womenintech/comments/1jjd1ui/seeing_discrimination_everywhere/,512,39,5/1/2025
1imf6b2,https://www.reddit.com/r/womenintech/comments/1imf6b2/i_wish_i_didnt_love_what_i_did/,510,61,5/1/2025
1i7j6ll,https://www.reddit.com/r/womenintech/comments/1i7j6ll/removed_by_reddit/,499,130,5/1/2025
1k0fzit,https://www.reddit.com/r/womenintech/comments/1k0fzit/our_company_worked_hard_to_reach_diversity_goals/,484,104,5/1/2025
1j4f2tj,https://www.reddit.com/r/womenintech/comments/1j4f2tj/anyone_else_thinking_of_leaving_tech/,480,234,5/1/2025
1iji2ql,https://www.reddit.com/r/womenintech/comments/1iji2ql/manager_was_trying_to_push_me_out_so_i_left_i/,452,34,5/1/2025
1i8gvlm,https://www.reddit.com/r/womenintech/comments/1i8gvlm/just_a_vent/,447,59,5/1/2025
1jh1750,https://www.reddit.com/r/womenintech/comments/1jh1750/my_heart_is_absolutely_broken/,444,95,5/1/2025
1iq7s6r,https://www.reddit.com/r/womenintech/comments/1iq7s6r/assume_she_is_technical/,441,19,5/1/2025
1i86u7f,https://www.reddit.com/r/womenintech/comments/1i86u7f/cant_get_motivated_to_do_anything_at_work/,436,78,5/1/2025
1j6pktb,https://www.reddit.com/gallery/1j6pktb,432,165,5/1/2025
1irkkex,https://www.reddit.com/r/womenintech/comments/1irkkex/ai_is_coming_for_everyones_job/,436,111,5/1/2025
1jv2xfw,https://www.reddit.com/r/womenintech/comments/1jv2xfw/45ish_getting_static_from_25ish/,428,84,5/1/2025
1izhgc7,https://www.reddit.com/r/womenintech/comments/1izhgc7/working_in_tech_for_the_us_government/,420,51,5/1/2025
1iho14n,https://www.reddit.com/r/womenintech/comments/1iho14n/how_do_you_predict_the_current_state_of_politics/,419,156,5/1/2025
1jtkcmi,https://www.reddit.com/r/womenintech/comments/1jtkcmi/wish_me_luck_today_might_be_fired_for_reporting_a/,417,40,5/1/2025
1j92v80,https://www.reddit.com/r/womenintech/comments/1j92v80/drowning_in_a_sea_of_men_who_hate_me/,416,67,5/1/2025
1j4xvb6,https://www.reddit.com/r/womenintech/comments/1j4xvb6/excluded/,407,63,5/1/2025
1ife3j3,https://www.reddit.com/r/womenintech/comments/1ife3j3/how_many_times_were_you_told_your_accomplishments/,410,101,5/1/2025
1jhm9nq,https://www.reddit.com/r/womenintech/comments/1jhm9nq/i_wanted_to_inspire_and_encourage_women_in/,403,107,5/1/2025
1i1yrvv,https://i.redd.it/abpbnrpp56de1.jpeg,388,14,5/1/2025
1ijg2b6,https://www.reddit.com/r/womenintech/comments/1ijg2b6/anyone_interested_in_coding_for_good_in_their/,388,206,5/1/2025
1i5flwg,https://www.reddit.com/r/womenintech/comments/1i5flwg/sincere_question_from_a_guy/,382,91,5/1/2025
1jfdqt0,https://open.substack.com/pub/cyberintel/p/unprecedented-exposure-of-federal,375,26,5/1/2025
1iv2dse,https://www.reddit.com/r/womenintech/comments/1iv2dse/linkedin_is_dying/,377,146,5/1/2025
1hz3ff6,https://www.reddit.com/r/womenintech/comments/1hz3ff6/the_responsibility_of_women_to_not_be_mediocre/,373,38,5/1/2025
1j969g4,https://www.reddit.com/r/womenintech/comments/1j969g4/a_good_thing_happened/,368,11,5/1/2025
1jnz088,https://www.reddit.com/r/womenintech/comments/1jnz088/i_just_screwed_up_because_i_played_nice/,372,28,5/1/2025
1iahk8n,https://www.reddit.com/r/womenintech/comments/1iahk8n/why_do_women_engineers_on_here_act_like_faang_is/,369,134,5/1/2025
1i59u89,https://www.reddit.com/r/womenintech/comments/1i59u89/scared_all_the_time_and_i_cant_tell_whats_real/,361,51,5/1/2025
1ijvqba,https://www.reddit.com/r/womenintech/comments/1ijvqba/why_arent_there_communities_of_women_in_trading/,358,227,5/1/2025
1iu3whe,https://www.reddit.com/r/womenintech/comments/1iu3whe/today_i_fudged_up/,357,33,5/1/2025
1hx0ahz,https://www.reddit.com/r/womenintech/comments/1hx0ahz/landed_myself_in_a_golden_cage/,350,49,5/1/2025
1k0pwtp,https://www.reddit.com/r/womenintech/comments/1k0pwtp/i_work_in_a_boys_club_disguised_as_a_flat/,346,85,5/1/2025
1j32sdf,https://www.reddit.com/r/womenintech/comments/1j32sdf/women_in_tech_struggling_with_labels/,349,56,5/1/2025
1j56j83,https://www.reddit.com/r/womenintech/comments/1j56j83/feeling_discouraged_about_the_future_of_tech/,346,42,5/1/2025
1jv61qg,https://www.reddit.com/r/womenintech/comments/1jv61qg/they_set_you_up_to_react/,341,24,5/1/2025
1iez5cg,https://www.reddit.com/r/womenintech/comments/1iez5cg/how_to_knock_down_these_overconfident_tech_bros/,338,59,5/1/2025
1k3d957,https://www.reddit.com/r/womenintech/comments/1k3d957/what_do_i_do/,337,60,5/1/2025
1inew7p,https://www.reddit.com/r/womenintech/comments/1inew7p/talking_ages_when_youre_35/,334,159,5/1/2025
1ifb2nx,https://www.reddit.com/r/womenintech/comments/1ifb2nx/have_hope_there_are_good_places_for_women_in_tech/,332,43,5/1/2025
1jtab2y,https://v.redd.it/w6i3pfszk7te1,325,21,5/1/2025
1jrje7d,https://www.reddit.com/r/womenintech/comments/1jrje7d/peace_out_yall/,327,175,5/1/2025
1irj03x,https://www.reddit.com/r/womenintech/comments/1irj03x/just_floating_this_idea_if_anyone_wants_to_take/,322,39,5/1/2025
1i2x1da,https://www.reddit.com/r/womenintech/comments/1i2x1da/i_totally_bombed_my_interview_please_tell_me/,326,177,5/1/2025
1j8q907,https://www.reddit.com/r/womenintech/comments/1j8q907/all_men_on_team_got_the_promotion/,317,50,5/1/2025
1k5j9fo,https://www.reddit.com/r/womenintech/comments/1k5j9fo/im_going_to_interrupt_you_well_please_dont/,314,39,5/1/2025
1k1uerv,https://www.reddit.com/r/womenintech/comments/1k1uerv/careless_people/,315,49,5/1/2025
1jrc3i8,https://www.reddit.com/r/womenintech/comments/1jrc3i8/didnt_know_i_was_walking_into_a_vipers_nest/,316,50,5/1/2025
1i9qpjs,https://www.reddit.com/r/womenintech/comments/1i9qpjs/is_it_me_or_are_most_people_completely_unaware_of/,310,109,5/1/2025
1jailyr,https://www.reddit.com/r/womenintech/comments/1jailyr/blatant_discrimination/,306,50,5/1/2025
1j2pydm,"https://simple.m.wikipedia.org/wiki/Matilda_effect#:~:text=The%20Matilda%20effect%20is%20a,own%20name%20on%20the%20paper.",311,32,5/1/2025
1igj4kc,https://www.reddit.com/r/womenintech/comments/1igj4kc/call_to_action/,305,112,5/1/2025
1j0ohav,https://www.reddit.com/r/womenintech/comments/1j0ohav/this_is_probably_off_topic_but_am_jealous_of_my/,305,58,5/1/2025
1i17lb0,https://www.reddit.com/r/womenintech/comments/1i17lb0/alternatives_to_meta/,296,120,5/1/2025
1hsds7a,https://www.reddit.com/r/womenintech/comments/1hsds7a/rant_leadership_positions_at_large_corporations/,297,38,5/1/2025
1jm94gh,https://www.reddit.com/r/womenintech/comments/1jm94gh/so_i_figured_all_we_need_to_learn_is_how_to_be/,295,39,5/1/2025
1jqitum,https://www.reddit.com/r/womenintech/comments/1jqitum/why_did_this_happen/,289,41,5/1/2025
1k1ozyl,https://www.reddit.com/r/womenintech/comments/1k1ozyl/american_vs_canadian_working_styles/,289,36,5/1/2025
1jzm0ix,https://www.reddit.com/r/womenintech/comments/1jzm0ix/im_afraid_that_im_never_going_to_get_a_tech_job/,288,53,5/1/2025
1k4kkyj,https://www.reddit.com/r/womenintech/comments/1k4kkyj/the_ceo_hit_on_me_at_a_work_party/,286,71,5/1/2025
1jk5zkn,https://www.reddit.com/r/womenintech/comments/1jk5zkn/disillusioned_with_tech_and_a_bit_heartbroken/,283,51,5/1/2025
1id8f5x,https://www.reddit.com/gallery/1ib4b3s,286,7,5/1/2025
1k6aigd,https://www.reddit.com/r/womenintech/comments/1k6aigd/men_are_allowed_to_put_their_feelings_first_and/,287,39,5/1/2025
1i1c37f,https://i.redd.it/qat7o6mq00de1.jpeg,284,210,5/1/2025
1jm40ng,https://www.reddit.com/r/womenintech/comments/1jm40ng/feeling_a_bit_triggered_by_women_tech_influencers/,280,88,5/1/2025
1i0frb7,https://www.reddit.com/r/womenintech/comments/1i0frb7/i_really_wish_people_would_take_a_hint/,278,73,5/1/2025
1itmo3d,https://www.reddit.com/r/womenintech/comments/1itmo3d/majored_in_tech_for_stability_but_all_i_got_was/,279,40,5/1/2025
1i8n2sn,https://i.redd.it/iv74jab0bvee1.jpeg,273,3,5/1/2025
1i9thsw,https://www.reddit.com/r/womenintech/comments/1i9thsw/impeach_trump/,270,53,5/1/2025
1icwbot,https://i.redd.it/comqslnbbyfe1.jpeg,270,32,5/1/2025
1k5k278,https://www.reddit.com/r/womenintech/comments/1k5k278/brag_more_work_less/,262,22,5/1/2025
1iixn8w,https://www.reddit.com/r/womenintech/comments/1iixn8w/alternate_careers_for_women_in_tech_outside_of/,259,92,5/1/2025
1it6pz3,https://i.redd.it/uypor8xpv3ke1.png,256,45,5/1/2025
1j1zg7g,https://www.reddit.com/r/womenintech/comments/1j1zg7g/acquaintance_trying_to_pivot_into_tech_crosses_me/,253,30,5/1/2025
1idqmwi,https://www.reddit.com/r/womenintech/comments/1idqmwi/your_career_is_a_marathon_not_a_race/,249,26,5/1/2025
1itencp,/r/50501/comments/1isxeu6/things_just_got_a_lot_worse_wh_announces_massive/,250,0,5/1/2025
1j6l8xx,https://v.redd.it/23xjy52a6hne1,244,1,5/1/2025
1k12nv4,https://www.reddit.com/r/womenintech/comments/1k12nv4/im_male_applying_for_a_new_role_how_can_i/,238,68,5/1/2025
1hypuf3,https://i.redd.it/5bmdb7jr47ce1.jpeg,242,4,5/1/2025
1jdjlik,https://www.reddit.com/r/womenintech/comments/1jdjlik/i_hate_my_tech_job/,234,51,5/1/2025
1javi8n,https://www.reddit.com/r/womenintech/comments/1javi8n/shoutout_to_women_in_tech_looking_out_for_the/,237,3,5/1/2025
1ilqldm,https://www.reddit.com/r/womenintech/comments/1ilqldm/it_finally_clicked_that_my_boss_wont_manage_my/,231,42,5/1/2025
1ijys9l,https://www.reddit.com/r/womenintech/comments/1ijys9l/why_is_there_no_parttime_in_tech/,234,98,5/1/2025
1ijkwuu,https://www.reddit.com/r/womenintech/comments/1ijkwuu/the_vp_missed_my_interview_update_two/,233,8,5/1/2025
1juytln,https://www.reddit.com/r/womenintech/comments/1juytln/im_done/,231,15,5/1/2025
1jq0ivx,https://i.redd.it/ktsh8kzmlfse1.jpeg,229,7,5/1/2025
1ir4st5,https://www.reddit.com/r/womenintech/comments/1ir4st5/does_anyone_else_feel_a_lot_of_grief_at_the_idea/,230,40,5/1/2025
1i9541w,https://www.reddit.com/r/womenintech/comments/1i9541w/why_is_the_ai_field_so_heavily_male_dominated/,227,176,5/1/2025
1jmuoku,https://www.reddit.com/r/womenintech/comments/1jmuoku/any_women_who_took_break_for_1_year_and_now_doing/,226,96,5/1/2025
1iajqc1,https://www.reddit.com/r/womenintech/comments/1iajqc1/despite_backlash_on_dei_discrimination_laws_still/,220,18,5/1/2025
1jfr8rt,https://www.reddit.com/r/womenintech/comments/1jfr8rt/do_you_feel_daily_scrum_is_a_waste_of_time/,221,93,5/1/2025
1jlaj8z,https://www.reddit.com/r/womenintech/comments/1jlaj8z/the_gender_pay_gap_isnt_getting_any_smaller/,215,61,5/1/2025
1i0jb17,https://www.reddit.com/r/womenintech/comments/1i0jb17/i_hate_my_fucking_coworkersteam/,217,48,5/1/2025
1jkg6rp,https://www.reddit.com/r/womenintech/comments/1jkg6rp/no_rants_today/,212,11,5/1/2025
1icf2fi,https://www.reddit.com/r/womenintech/comments/1icf2fi/do_you_think_it_matters_if_you_wear_makeup_or_not/,214,324,5/1/2025
1jip8nu,https://www.reddit.com/r/womenintech/comments/1jip8nu/should_i_address_why_i_dont_talk_in_meetings/,209,47,5/1/2025
1ihp36g,https://www.reddit.com/r/womenintech/comments/1ihp36g/i_am_now_at_a_point_of_rage_at_the_job_market/,212,82,5/1/2025
1hraf6d,https://www.reddit.com/r/womenintech/comments/1hraf6d/i_am_a_executive_stylist_ask_me_anything/,210,112,5/1/2025
1id75jn,https://www.reddit.com/r/womenintech/comments/1id75jn/am_i_overreacting_or_was_this_an_inappropriate/,206,131,5/1/2025
1hxyo4d,https://www.reddit.com/r/womenintech/comments/1hxyo4d/should_tech_workers_consider_unionizing/,208,65,5/1/2025
1izrc5p,https://www.reddit.com/r/womenintech/comments/1izrc5p/only_woman_in_an_office/,207,33,5/1/2025
1jprh8f,https://www.reddit.com/r/womenintech/comments/1jprh8f/when_did_yall_decide_to_stop_trying_to_climb_the/,199,85,5/1/2025
1jli2h2,https://www.reddit.com/r/womenintech/comments/1jli2h2/coworker_crossed_the_line_today/,203,15,5/1/2025
1jtr53v,https://www.reddit.com/r/womenintech/comments/1jtr53v/i_rejoined_my_tech_degree_after_being_sexually/,199,44,5/1/2025
1in92pp,https://www.reddit.com/r/womenintech/comments/1in92pp/call_to_action_20/,194,29,5/1/2025
1i3vmnw,https://www.reddit.com/r/womenintech/comments/1i3vmnw/get_me_a_coffee/,195,73,5/1/2025
1jh4pd1,https://www.reddit.com/r/womenintech/comments/1jh4pd1/my_voice_is_background_noise/,192,17,5/1/2025
1j741qr,https://www.reddit.com/r/womenintech/comments/1j741qr/so_i_went_into_consulting_for_start_up_companies/,189,31,5/1/2025
1i60mx2,https://www.reddit.com/r/womenintech/comments/1i60mx2/us_women_are_you_doing_well_at_work/,188,45,5/1/2025
1jj7zwx,https://www.reddit.com/r/womenintech/comments/1jj7zwx/i_feel_so_defeated_in_this_job_market/,185,27,5/1/2025
1jusave,https://www.reddit.com/r/womenintech/comments/1jusave/amazons_frugality_isnt_efficientits_dystopian/,185,18,5/1/2025
1jico9d,https://www.reddit.com/r/womenintech/comments/1jico9d/linkedin_sucks_so_im_looking_to_build_a_better/,183,51,5/1/2025
1jmwdsf,https://hbr.org/2023/04/why-we-should-stop-saying-underrepresented,185,1,5/1/2025
1j0a14n,https://www.reddit.com/r/womenintech/comments/1j0a14n/does_anyone_work_a_consistent_95_and_have_wlb_in/,184,86,5/1/2025
1jke3o5,https://www.reddit.com/r/womenintech/comments/1jke3o5/youre_not_a_people_pleaser/,183,5,5/1/2025
1iv5fy1,https://www.reddit.com/r/womenintech/comments/1iv5fy1/nonengineering_women_in_tech_lets_learn_ai/,182,210,5/1/2025
1k4j85w,https://www.reddit.com/r/womenintech/comments/1k4j85w/favorite_tech_workplace_myths/,181,31,5/1/2025
1j8ttcz,https://www.reddit.com/r/womenintech/comments/1j8ttcz/i_cant_do_that_takehome_assignment_and_i_feel/,179,34,5/1/2025
1ij3dz7,https://www.reddit.com/r/womenintech/comments/1ij3dz7/i_have_been_cutting_off_my_coworker_in_meetings/,180,53,5/1/2025
1i9sg8s,https://www.reddit.com/r/womenintech/comments/1i9sg8s/getting_treated_like_a_child/,179,62,5/1/2025
1ii1ro0,https://www.reddit.com/r/womenintech/comments/1ii1ro0/a_site_for_companies_known_to_be_good_to_women/,179,2,5/1/2025
1izn0bx,https://www.reddit.com/r/womenintech/comments/1izn0bx/some_days_i_feel_like_cassandra/,175,12,5/1/2025
1jd4gul,https://www.reddit.com/r/womenintech/comments/1jd4gul/any_other_software_devs_here_how_are_you_handling/,173,67,5/1/2025
1iardcq,https://www.reddit.com/r/womenintech/comments/1iardcq/arent_we_taking_support_womens_choices_a_bit_too/,172,63,5/1/2025
1hxdczb,https://www.reddit.com/r/womenintech/comments/1hxdczb/women_in_tech_how_to_manage_work_anxiety/,172,82,5/1/2025
1hzwj7t,https://www.reddit.com/r/womenintech/comments/1hzwj7t/do_you_avoid_dating_people_working_in_tech_or/,173,75,5/1/2025
1jbnoo1,https://www.reddit.com/r/womenintech/comments/1jbnoo1/exiting_manager_hell_bent_on_firing_me_before_he/,169,41,5/1/2025
1j9i4y7,https://www.reddit.com/r/womenintech/comments/1j9i4y7/the_job_market_is_picking_up/,169,13,5/1/2025
1il4owh,https://www.reddit.com/r/womenintech/comments/1il4owh/i_accidentally_spent_the_last_10_years_in/,174,51,5/1/2025
1i88918,https://www.reddit.com/r/womenintech/comments/1i88918/which_cloud_provider_is_gonna_be_the_least/,168,70,5/1/2025
1k0rffj,https://www.reddit.com/r/womenintech/comments/1k0rffj/anyone_else_enjoys_being_older/,169,27,5/1/2025
1jow05h,https://www.reddit.com/r/womenintech/comments/1jow05h/why_do_they_treat_you_like_youre_stupid_no_matter/,165,29,5/1/2025
1i3r9xa,https://www.reddit.com/r/womenintech/comments/1i3r9xa/for_women_of_color_who_made_it_to_the_csuite_what/,169,40,5/1/2025
1k7eqfa,https://www.reddit.com/r/womenintech/comments/1k7eqfa/countries_that_are_the_least_antiwomen/,166,186,5/1/2025
1jzav64,https://www.reddit.com/r/womenintech/comments/1jzav64/reverse_the_playbook/,166,7,5/1/2025
1hs9i1o,https://www.reddit.com/r/womenintech/comments/1hs9i1o/a_journalist_reached_out_asking_about_a_job_from/,166,35,5/1/2025
1ic3q4e,https://www.reddit.com/r/womenintech/comments/1ic3q4e/its_time/,165,82,5/1/2025
1k45cu8,https://www.reddit.com/r/womenintech/comments/1k45cu8/completely_lost_my_will_to_even_try_on_the_verge/,163,44,5/1/2025
1i62quu,https://www.reddit.com/r/womenintech/comments/1i62quu/deeply_conflicted_about_meta_interview/,167,149,5/1/2025
1ihlf3f,https://www.reddit.com/r/womenintech/comments/1ihlf3f/i_work_in_tech_for_money_more_than_passion_is/,162,149,5/1/2025
1i6mu8w,https://www.reddit.com/r/womenintech/comments/1i6mu8w/vent_asked_by_the_men_to_find_a_baby_gift_for_the/,160,83,5/1/2025
1i8nro3,https://www.reddit.com/r/womenintech/comments/1i8nro3/feeling_tired_of_fighting/,160,21,5/1/2025
1hydtj0,https://www.reddit.com/r/womenintech/comments/1hydtj0/who_else_is_dealing_with_this_bs/,159,47,5/1/2025
1i1ots7,https://www.reddit.com/r/womenintech/comments/1i1ots7/remember_to_unplug_and_take_care_of_your_mental/,157,4,5/1/2025
1jz88ia,https://www.reddit.com/r/womenintech/comments/1jz88ia/candidates_getting_rejected_for_suspected_use_of/,155,65,5/1/2025
1jkm22c,https://www.reddit.com/r/womenintech/comments/1jkm22c/i_just_got_fired_and_now_im_lost/,158,25,5/1/2025
1ig80v0,https://www.reddit.com/r/womenintech/comments/1ig80v0/deep_respect_for_the_time_and_effort_it_takes_to/,153,5,5/1/2025
1hvif1f,https://www.reddit.com/r/womenintech/comments/1hvif1f/discouraging_use_of_pto_for_6_months/,154,62,5/1/2025
1k50cp8,https://www.reddit.com/r/womenintech/comments/1k50cp8/be_real_with_me_is_anyone_hiring_neurodivergent/,150,48,5/1/2025
1iu64ma,https://www.reddit.com/r/womenintech/comments/1iu64ma/ladies_that_majored_in_computer_science_what_do/,151,226,5/1/2025
1idfm65,https://www.reddit.com/r/womenintech/comments/1idfm65/how_did_you_meet_your_partner_if_you_were_35_and/,150,197,5/1/2025
1inect5,https://www.reddit.com/r/womenintech/comments/1inect5/update_my_boss_does_in_fact_hate_me_he_just_wants/,148,55,5/1/2025
1j1aait,https://www.reddit.com/r/womenintech/comments/1j1aait/hello_its_me_almost_a_month_post_lay_off/,146,37,5/1/2025
1i891p2,https://www.reddit.com/r/womenintech/comments/1i891p2/burner_phones_that_can_remove_fb_trackers_or_ways/,148,26,5/1/2025
1k1ock0,https://www.reddit.com/r/womenintech/comments/1k1ock0/harsh_reality/,145,29,5/1/2025
1i1983q,https://i.redd.it/0umedo64fzce1.jpeg,144,87,5/1/2025
1ie9c10,https://www.reddit.com/r/womenintech/comments/1ie9c10/ever_feel_like_people_automatically_discredit_you/,146,26,5/1/2025
1i73h3u,https://www.reddit.com/r/womenintech/comments/1i73h3u/i_am_going_to_start_keeping_a_note_of_what_is/,145,22,5/1/2025
1i73ae3,https://www.reddit.com/r/womenintech/comments/1i73ae3/my_mother_60yo_has_a_graduate_degree_from_ucla/,142,116,5/1/2025
1jxhikn,https://www.reddit.com/r/womenintech/comments/1jxhikn/the_utter_hypocrisy/,143,3,5/1/2025
1k0y070,https://www.reddit.com/r/womenintech/comments/1k0y070/the_only_woman_problem/,142,40,5/1/2025
1jslhxo,https://www.reddit.com/r/womenintech/comments/1jslhxo/follow_up_peace_out_yall/,141,33,5/1/2025
1j8uueo,https://www.reddit.com/r/womenintech/comments/1j8uueo/nazi_platform_x/,141,6,5/1/2025
1jrrwr4,https://www.reddit.com/r/womenintech/comments/1jrrwr4/venting_to_gpt/,139,83,5/1/2025
1ixgne7,https://www.reddit.com/r/womenintech/comments/1ixgne7/my_life_is_a_literal_sewer/,139,23,5/1/2025
1i22gxu,https://www.reddit.com/r/womenintech/comments/1i22gxu/paralyzed_with_layoff_fear_every_january/,138,28,5/1/2025
1ia2462,https://i.redd.it/7h3fjkdkm8fe1.jpeg,135,9,5/1/2025
1i45cvf,https://www.reddit.com/r/womenintech/comments/1i45cvf/bouncing_back_from_traumatic_firing/,135,63,5/1/2025
1je6r8b,https://www.reddit.com/r/womenintech/comments/1je6r8b/i_guess_i_just_hit_my_first_not_technical_enough/,137,31,5/1/2025
1jba8fj,https://www.reddit.com/r/womenintech/comments/1jba8fj/i_completely_froze_in_my_interview/,135,37,5/1/2025
1hzqntu,https://www.reddit.com/r/womenintech/comments/1hzqntu/does_anyone_else_feel_like_it_is_a_sinking_ship/,136,123,5/1/2025
1jm6rpr,https://www.reddit.com/r/womenintech/comments/1jm6rpr/my_boss_attributed_my_work_to_a_male_coworker/,136,23,5/1/2025
1ja1i2p,https://www.reddit.com/r/womenintech/comments/1ja1i2p/is_this_normal_vendor_behavior_with_women/,133,33,5/1/2025
1iuesfj,https://www.reddit.com/r/womenintech/comments/1iuesfj/reporter_looking_to_speak_to_women_in_meta_or/,134,9,5/1/2025
1itrnc6,https://www.reddit.com/r/womenintech/comments/1itrnc6/shocking/,132,46,5/1/2025
1ivps3a,https://www.reddit.com/r/womenintech/comments/1ivps3a/looks_like_im_dusting_off_the_ole_resume_ugh/,130,18,5/1/2025
1j6c6s2,https://www.reddit.com/r/womenintech/comments/1j6c6s2/male_professor_treating_me_differently/,131,30,5/1/2025
1j2cyim,https://www.reddit.com/r/womenintech/comments/1j2cyim/the_constant_condescending_tone/,133,11,5/1/2025
1hz22kp,https://www.wfla.com/news/florida/desantis-appointee-to-university-board-says-women-should-become-mothers-not-pursue-higher-ed/,129,41,5/1/2025
1i65gqz,https://www.reddit.com/r/womenintech/comments/1i65gqz/does_anyone_think_the_job_market_will_change_if/,130,85,5/1/2025
1i05k8b,https://www.reddit.com/r/womenintech/comments/1i05k8b/i_called_988/,130,34,5/1/2025
1iysgjo,https://www.reddit.com/r/womenintech/comments/1iysgjo/men_over_explaining_tech/,127,55,5/1/2025
1iya45n,https://www.reddit.com/r/womenintech/comments/1iya45n/who_are_the_most_underrated_women_in_science_some/,128,58,5/1/2025
1ipwiit,https://www.reddit.com/r/womenintech/comments/1ipwiit/quit_my_job_with_no_back_up_plan/,129,42,5/1/2025
1j5ab90,https://www.reddit.com/r/womenintech/comments/1j5ab90/manager_refused_to_convert_my_internship_pushed/,126,30,5/1/2025
1j3zr7d,https://www.reddit.com/r/womenintech/comments/1j3zr7d/i_cant_get_the_new_woman_in_the_team_to_work_with/,127,21,5/1/2025
1ift1x0,https://www.reddit.com/r/womenintech/comments/1ift1x0/you_are_just_not_technical_enough/,127,30,5/1/2025
1iy4xwu,https://www.reddit.com/r/womenintech/comments/1iy4xwu/i_had_an_interview_recently_and_i_asked_about_1/,130,35,5/1/2025
1iknoq9,https://www.reddit.com/r/womenintech/comments/1iknoq9/how_did_you_all_get_back_on_your_feet_after_a/,125,54,5/1/2025
1i6wyr2,https://www.reddit.com/r/womenintech/comments/1i6wyr2/dear_men_what_will_we_do_without_you/,127,39,5/1/2025
1hs65kq,https://www.reddit.com/r/womenintech/comments/1hs65kq/how_to_cope_with_layoff_anxiety_even_after/,124,44,5/1/2025
1kai000,https://www.reddit.com/r/womenintech/comments/1kai000/4day_overnight_team_bonding_trips_am_i_right_to/,126,80,5/1/2025
1j0jkvz,https://www.reddit.com/r/womenintech/comments/1j0jkvz/job_description_for_my_old_job_is_up_i_was_fired/,126,24,5/1/2025
1i73rwn,https://www.reddit.com/r/womenintech/comments/1i73rwn/news_i_felt_worth_sharing/,125,14,5/1/2025
1k75cn8,https://www.reddit.com/r/womenintech/comments/1k75cn8/mediocre_performance_review_because_i_was_too/,123,11,5/1/2025
1j4s4fo,https://www.reddit.com/r/womenintech/comments/1j4s4fo/being_recruited_by_a_smaller_software_company/,123,47,5/1/2025
1ibzvpn,https://www.reddit.com/r/womenintech/comments/1ibzvpn/turns_of_phrase_that_need_to_stay_in_the_past/,124,213,5/1/2025
1i7sqkg,https://www.reddit.com/r/womenintech/comments/1i7sqkg/women_in_tech_eeo_fear/,122,55,5/1/2025
1jzhb7v,https://www.reddit.com/r/womenintech/comments/1jzhb7v/economy_causing_a_toxic_environment/,123,24,5/1/2025
1k11l4x,https://www.reddit.com/r/womenintech/comments/1k11l4x/is_that_it_to_be_respected_i_need_to_be_direct_no/,123,30,5/1/2025
1ju48jv,https://www.reddit.com/r/womenintech/comments/1ju48jv/tech_has_let_me_down/,118,40,5/1/2025
1ipjpkd,https://www.reddit.com/r/womenintech/comments/1ipjpkd/unemployed_and_getting_very_nervous_that_i_wont/,119,24,5/1/2025
1i49iks,https://www.reddit.com/r/womenintech/comments/1i49iks/on_the_verge_of_rage_quitting/,119,78,5/1/2025
1i69tmi,https://www.reddit.com/r/womenintech/comments/1i69tmi/looking_for_women_led_tech_projects/,117,46,5/1/2025
1jmui2h,https://www.reddit.com/r/womenintech/comments/1jmui2h/8_yoe_mid_30s_finally_stopped_trying_so_hard_to/,118,9,5/1/2025
1jhiuc4,https://www.reddit.com/r/womenintech/comments/1jhiuc4/advice_on_dealing_with_the_daily_male_ego_behavior/,117,14,5/1/2025
1ip6chq,https://www.reddit.com/r/womenintech/comments/1ip6chq/live_coding_sucks/,117,43,5/1/2025
1i0wwnc,https://www.reddit.com/r/womenintech/comments/1i0wwnc/a_social_media_platform_only_for_women/,115,160,5/1/2025
1juoitu,https://www.reddit.com/r/womenintech/comments/1juoitu/gender_discrepancy_at_work/,116,39,5/1/2025
1iwoxnu,https://www.reddit.com/r/womenintech/comments/1iwoxnu/be_the_high_performer_you_are_and_let_it_be_seen/,114,15,5/1/2025
1inyyd7,https://www.reddit.com/r/womenintech/comments/1inyyd7/does_pretty_privilege_apply_in_the_maledominated/,112,91,5/1/2025
1igt589,https://www.reddit.com/r/womenintech/comments/1igt589/do_you_know_about_the_butterfly_revolution/,110,14,5/1/2025
1ig1bwu,https://www.reddit.com/r/womenintech/comments/1ig1bwu/how_many_of_you_are_leaving_because_of_the/,114,42,5/1/2025
1ios24h,https://www.reddit.com/r/womenintech/comments/1ios24h/anonymizing_age_when_did_you_start/,111,48,5/1/2025
1i6myjz,https://www.reddit.com/r/womenintech/comments/1i6myjz/honest_advice_for_future_girls_in_tech_in_a/,112,21,5/1/2025
1jqqn3v,https://www.reddit.com/r/womenintech/comments/1jqqn3v/horrible_final_interview_the_other_daystill/,111,14,5/1/2025
1jldz6u,https://www.reddit.com/r/womenintech/comments/1jldz6u/how_do_you_have_a_life/,112,49,5/1/2025
1j80tyg,https://www.reddit.com/r/womenintech/comments/1j80tyg/am_i_burnt_out_or_just_dont_like_working_in_tech/,109,24,5/1/2025
1iz0k8q,https://www.reddit.com/r/womenintech/comments/1iz0k8q/i_need_some_perspective_on_men_who_namedrop_i/,112,116,5/1/2025
1if7tdu,https://www.reddit.com/r/womenintech/comments/1if7tdu/insults_that_are_immediately_walked_back/,111,48,5/1/2025
1jp90oc,https://www.reddit.com/r/womenintech/comments/1jp90oc/riding_out_this_job_market/,109,18,5/1/2025
1k7sqlm,https://www.reddit.com/r/womenintech/comments/1k7sqlm/really_tired_of_being_the_human_emotions/,109,12,5/1/2025
1jenskd,https://www.reddit.com/r/womenintech/comments/1jenskd/tired_of_being_gaslit/,109,11,5/1/2025
1iwl4qm,https://www.reddit.com/r/womenintech/comments/1iwl4qm/manager_who_protects_me_has_actually_hurt_my/,109,24,5/1/2025
1j29o9m,https://www.reddit.com/r/womenintech/comments/1j29o9m/i_can_work_but_cannot_network_where_do_i_go_from/,104,31,5/1/2025
1k02wag,https://www.reddit.com/r/womenintech/comments/1k02wag/should_i_quit_my_job_and_become_a_baker/,107,48,5/1/2025
1j1n282,https://www.reddit.com/r/womenintech/comments/1j1n282/a_true_story_of_woman_names_withheld_but_the_pain/,105,45,5/1/2025
1j1dkte,https://www.reddit.com/r/womenintech/comments/1j1dkte/is_it_ok_to_not_have_the_same_tech_interests_as/,107,80,5/1/2025
1i2311r,https://www.reddit.com/r/womenintech/comments/1i2311r/how_do_you_feel_about_the_women_in_tech_movement/,102,100,5/1/2025
1juqq3g,https://www.reddit.com/r/womenintech/comments/1juqq3g/felt_so_humiliated/,102,35,5/1/2025
1ie0h7p,https://www.reddit.com/r/womenintech/comments/1ie0h7p/women_who_entered_tech_after_their_20s_how_did/,104,91,5/1/2025
1i6t1xj,https://www.reddit.com/r/womenintech/comments/1i6t1xj/men_taking_over_the_conversations_is_it_always/,104,38,5/1/2025
1jlapu7,https://www.reddit.com/r/womenintech/comments/1jlapu7/anyone_else_being_asked_to_strip_all_mention_of/,102,15,5/1/2025
1ihowlm,https://www.reddit.com/r/womenintech/comments/1ihowlm/why_dont_people_say_hi_or_thank_you_when/,99,122,5/1/2025
1i3l0gx,https://www.reddit.com/r/womenintech/comments/1i3l0gx/will_you_pay_for_company_swag/,100,284,5/1/2025
1jznvgj,https://www.reddit.com/r/womenintech/comments/1jznvgj/are_neurodivergent_women_getting_hired_anymore/,101,71,5/1/2025
1k7eqgg,https://www.reddit.com/r/womenintech/comments/1k7eqgg/male_coworkers_get_paid_a_lot_more_than_me/,103,13,5/1/2025
1idr45q,https://www.reddit.com/r/womenintech/comments/1idr45q/what_mistakes_have_you_made_in_your_career_and/,99,90,5/1/2025
1jz11t3,https://www.reddit.com/r/womenintech/comments/1jz11t3/okrs_are/,98,14,5/1/2025
1jted60,https://www.reddit.com/r/womenintech/comments/1jted60/dont_cope_its_okay_to_be_negative/,97,14,5/1/2025
1iwy3vp,https://www.reddit.com/r/womenintech/comments/1iwy3vp/some_things_will_never_change/,92,31,5/1/2025
1jz6xrj,https://www.reddit.com/r/womenintech/comments/1jz6xrj/my_direct_report_regularly_leaves_redundant/,94,42,5/1/2025
1jh0do9,https://www.reddit.com/r/womenintech/comments/1jh0do9/just_needed_to_vent_a_little_because_im_feeling/,99,30,5/1/2025
1ihyf2y,https://www.reddit.com/r/womenintech/comments/1ihyf2y/leaving_my_job_for_political_reasons_interviewing/,97,23,5/1/2025
1hw601d,https://www.reddit.com/r/womenintech/comments/1hw601d/my_companys_job_postings_showed_me_i_was_underpaid/,94,32,5/1/2025
1k6nbhn,https://www.reddit.com/r/womenintech/comments/1k6nbhn/getting_called_superwoman_at_work/,93,20,5/1/2025
1j8jx0e,https://www.reddit.com/r/womenintech/comments/1j8jx0e/are_there_any_technical_recruiters_in_here_whats/,96,35,5/1/2025
1hxellm,https://i.redd.it/j1mm9gywfzbe1.jpeg,93,46,5/1/2025
1jowpoz,https://www.reddit.com/r/womenintech/comments/1jowpoz/what_do_you_do_when_you_have_nothing_to_do_at/,90,60,5/1/2025
1izkkex,https://www.reddit.com/r/womenintech/comments/1izkkex/fear_for_my_future/,92,67,5/1/2025
1ifd0xy,https://www.reddit.com/r/womenintech/comments/1ifd0xy/women_in_tech_for_women_in_afghanistan/,94,9,5/1/2025
1i3mvuq,https://www.reddit.com/r/womenintech/comments/1i3mvuq/opinions_on_daily_standup/,92,68,5/1/2025
1k7s6jt,https://www.reddit.com/r/womenintech/comments/1k7s6jt/a_new_reason_for_being_rejected/,89,27,5/1/2025
1jabtdc,https://www.reddit.com/r/womenintech/comments/1jabtdc/is_my_coworker_undermining_me/,87,36,5/1/2025
1j7tbri,https://www.reddit.com/r/womenintech/comments/1j7tbri/my_messages_in_team_chat_barely_get_responses_am/,89,25,5/1/2025
1it15e0,https://www.reddit.com/r/womenintech/comments/1it15e0/is_it_normal_to_be_chosen_last_to_speak_in/,86,37,5/1/2025
1k7fr8o,https://www.reddit.com/r/womenintech/comments/1k7fr8o/for_women_in_their_20s30s_whats_been_feeling/,87,54,5/1/2025
1jj0nku,https://www.reddit.com/r/womenintech/comments/1jj0nku/how_do_you_deal_with_the_rage/,88,40,5/1/2025
1iyv9cx,https://www.reddit.com/r/womenintech/comments/1iyv9cx/to_other_job_hunters_do_you_hesitate_now_with_the/,87,31,5/1/2025
1k9sx5r,https://www.reddit.com/r/womenintech/comments/1k9sx5r/stressedanxious_about_returning_to_work_after/,82,8,5/1/2025
1jwsiqm,https://www.reddit.com/r/womenintech/comments/1jwsiqm/how_to_deal_with_others_being_given_credit_for/,79,28,5/1/2025
1jmmul1,https://www.reddit.com/r/womenintech/comments/1jmmul1/laid_off_unemployed_and_rarely_get_interviews/,81,30,5/1/2025
1jdgeic,https://www.reddit.com/r/womenintech/comments/1jdgeic/any_research_on_best_ways_for_a_women_to_present/,81,61,5/1/2025
1jt3pyk,https://i.redd.it/d5gtuk76228e1.png,79,0,5/1/2025
1k7zw2i,https://www.reddit.com/r/womenintech/comments/1k7zw2i/manager_yelled_at_me_in_front_of_everyone_i_cant/,79,24,5/1/2025
1jagidt,https://www.reddit.com/gallery/1jagidt,81,13,5/1/2025
1ipdifn,https://www.crisesnotes.com/,78,1,5/1/2025
1inrmzt,https://www.reddit.com/r/womenintech/comments/1inrmzt/the_current_shift_to_ai_and_advice_for_junior/,79,14,5/1/2025
1ir547k,https://www.reddit.com/r/womenintech/comments/1ir547k/laid_off_for_the_second_time_in_a_year_i_think/,76,11,5/1/2025
1hvtegm,https://www.reddit.com/r/womenintech/comments/1hvtegm/so_over_my_coworkers/,80,13,5/1/2025
1izuoth,https://www.reddit.com/r/womenintech/comments/1izuoth/28_yr_old_female_stuck_in_the_midwest_looking_to/,78,130,5/1/2025
1ijpdtq,https://www.reddit.com/r/womenintech/comments/1ijpdtq/referrals_needed/,77,11,5/1/2025
1ijhxma,https://www.reddit.com/r/womenintech/comments/1ijhxma/finally_got_caught_by_the_stack_ranking_system/,77,46,5/1/2025
1iwfbto,https://www.reddit.com/r/womenintech/comments/1iwfbto/whats_the_most_sexist_thing_said_to_you_at_your/,78,255,5/1/2025
1iqdh3p,https://www.reddit.com/r/womenintech/comments/1iqdh3p/i_am_feeling_hopeless_not_being_able_to_land_a/,74,20,5/1/2025
1iz0sxv,https://www.reddit.com/r/womenintech/comments/1iz0sxv/path_from_clueless_nontechiehorrible_coder_to/,77,14,5/1/2025
1iqgetb,https://www.reddit.com/r/womenintech/comments/1iqgetb/pairing_every_day_is_burning_me_out/,76,15,5/1/2025
1igw4yp,https://www.reddit.com/r/womenintech/comments/1igw4yp/team_members_not_listening_during_meetings/,73,35,5/1/2025
1k4i9l2,https://www.reddit.com/r/womenintech/comments/1k4i9l2/would_you_work_for_the_person_who_fired_your/,73,32,5/1/2025
1jke2y6,https://www.reddit.com/r/womenintech/comments/1jke2y6/how_do_you_command_respect_in_your_field_and_job/,74,5,5/1/2025
1isl4hx,https://www.reddit.com/r/womenintech/comments/1isl4hx/slack_etiquette_as_a_woman/,76,28,5/1/2025
1i4mvxt,https://www.reddit.com/r/womenintech/comments/1i4mvxt/vp_didnt_show_up_to_my_interview/,73,18,5/1/2025
1k0w2n6,https://humansinsystems.com/blog/you-dont-have-to-burn-out-to-deserve-a-break,70,12,5/1/2025
1j32xlj,https://www.reddit.com/r/womenintech/comments/1j32xlj/relocating_to_seattle_for_a_job_at_amazon/,71,211,5/1/2025
1iu6ole,https://jacobin.com/2025/02/tech-workers-silicon-valley-trump,73,4,5/1/2025
1i2xfxb,https://www.reddit.com/r/womenintech/comments/1i2xfxb/what_has_been_your_experience_when_working_under/,70,85,5/1/2025
1jke5tx,https://www.reddit.com/r/womenintech/comments/1jke5tx/why_dont_more_women_in_tech_fight_back_against/,71,186,5/1/2025
1jf8oya,https://www.reddit.com/r/womenintech/comments/1jf8oya/has_the_auto_industry_stopped_hiring_women/,72,17,5/1/2025
1i7n11s,https://www.reddit.com/r/womenintech/comments/1i7n11s/what_are_some_unspoken_rules_of_succeeding_in/,70,34,5/1/2025
1ivugn7,https://www.reddit.com/r/womenintech/comments/1ivugn7/when_people_say_that_the_tech_market_is_drying_up/,69,38,5/1/2025
1iozjbg,https://www.reddit.com/r/womenintech/comments/1iozjbg/pip/,70,33,5/1/2025
1iibxfy,https://i.redd.it/dfu8ibtz4che1.png,70,8,5/1/2025
1ichebb,https://www.reddit.com/r/womenintech/comments/1ichebb/got_rejected_after_the_third_round_feeling_crushed/,68,18,5/1/2025
1jz58qt,https://www.reddit.com/r/womenintech/comments/1jz58qt/retribution_for_leaving/,67,6,5/1/2025
1isifge,https://www.reddit.com/r/womenintech/comments/1isifge/should_i_not_be_disclosing_disability_on/,69,45,5/1/2025
1i2uy6p,https://www.reddit.com/r/womenintech/comments/1i2uy6p/how_do_you_escape_the_doom_loop_of_falling_behind/,66,14,5/1/2025
1i8g9fo,https://www.reddit.com/r/womenintech/comments/1i8g9fo/a_question_for_immigrant_women_working_in_the_us/,66,75,5/1/2025
1i7gej5,https://www.reddit.com/r/womenintech/comments/1i7gej5/woman_with_a_technical_job_climbing_guide_and/,67,4,5/1/2025
1ju9axy,https://www.reddit.com/r/womenintech/comments/1ju9axy/feeling_weird_when_it_comes_to_companies_making/,66,43,5/1/2025
1j4xwpv,https://www.reddit.com/r/womenintech/comments/1j4xwpv/i_finally_learned_to_be_assertive_and_to_say_no/,68,5,5/1/2025
1ie58yx,https://www.reddit.com/r/womenintech/comments/1ie58yx/no_cord_puck_you/,66,6,5/1/2025
1i7icg7,https://www.reddit.com/r/womenintech/comments/1i7icg7/terrified_im_making_a_mistake/,66,21,5/1/2025
1iig5xy,https://i.redd.it/e646txs50dhe1.png,64,30,5/1/2025
1jwjkz5,https://www.reddit.com/r/womenintech/comments/1jwjkz5/if_everything_is_urgent_nothing_is_really_urgent/,62,6,5/1/2025
1j695w0,https://i.redd.it/qibm2ia18ene1.jpeg,62,0,5/1/2025
1in10dj,https://www.reddit.com/r/womenintech/comments/1in10dj/should_i_take_an_interview_with_meta/,63,126,5/1/2025
1ikbd0u,https://www.reddit.com/r/womenintech/comments/1ikbd0u/started_the_job_search_bombed_my_first_few/,64,31,5/1/2025
1id8yw4,https://www.reddit.com/r/womenintech/comments/1id8yw4/the_million_dollar_question_how_do_you_navigate/,64,14,5/1/2025
1i0mkw9,https://www.reddit.com/r/womenintech/comments/1i0mkw9/i_fear_i_have_the_wrong_personality_for/,64,32,5/1/2025
1iiktxt,https://www.reddit.com/r/womenintech/comments/1iiktxt/how_to_support_women_in_tech_who_love_their_jobs/,62,14,5/1/2025
1je25zs,https://www.reddit.com/r/womenintech/comments/1je25zs/passed_up_for_a_promotion/,64,34,5/1/2025
1j54cs2,https://www.reddit.com/r/womenintech/comments/1j54cs2/software_engineers_what_are_your_raises_looking/,64,70,5/1/2025
1j7x5y4,https://www.reddit.com/r/womenintech/comments/1j7x5y4/dont_be_discouraged/,61,8,5/1/2025
1j7whax,https://www.reddit.com/r/womenintech/comments/1j7whax/just_a_vent/,62,7,5/1/2025
1ixib0u,https://www.reddit.com/r/womenintech/comments/1ixib0u/please_tell_me_im_not_alone/,60,8,5/1/2025
1ieqrgp,https://www.reddit.com/r/womenintech/comments/1ieqrgp/social_isolation_in_a_maledominant_tech_team/,61,19,5/1/2025
1i8yfvm,https://www.reddit.com/r/womenintech/comments/1i8yfvm/what_do_you_do_when_you_get_really_angry/,59,51,5/1/2025
1ia419o,https://www.reddit.com/r/womenintech/comments/1ia419o/what_career_move_has_brought_you_the_most_peace/,62,42,5/1/2025
1javhkr,https://www.reddit.com/r/womenintech/comments/1javhkr/culture_at_a_faang_can_someone_break_it_down_for/,60,82,5/1/2025
1iyx9ta,https://www.reddit.com/r/womenintech/comments/1iyx9ta/is_ghosting_candidates_becoming_more_common/,57,25,5/1/2025
1iaybt3,https://www.reddit.com/r/womenintech/comments/1iaybt3/whats_going_on_with_govt_jobs/,59,47,5/1/2025
1i71i54,https://www.reddit.com/r/womenintech/comments/1i71i54/genuine_question_for_the_audience/,57,26,5/1/2025
1hybo72,https://www.reddit.com/r/womenintech/comments/1hybo72/demoted/,58,18,5/1/2025
1kai000,https://www.reddit.com/r/womenintech/comments/1kai000/4day_overnight_team_bonding_trips_am_i_right_to/,156,89,5/1/2025
1kal137,https://www.reddit.com/r/womenintech/comments/1kal137/difference_between_coding_practices_and_behavior/,69,6,5/1/2025
1ka5kua,https://www.reddit.com/r/womenintech/comments/1ka5kua/women_who_work_in_tech_are_women_in_tech/,766,272,5/1/2025
1kaikvl,https://www.reddit.com/r/womenintech/comments/1kaikvl/i_met_my_mentor_today_and_it_was_so_validating/,16,1,5/1/2025
1kafvxp,https://www.reddit.com/r/womenintech/comments/1kafvxp/techfutures_conference_and_the_revival_of_women/,10,0,5/1/2025
1kama6e,https://www.reddit.com/r/womenintech/comments/1kama6e/menasallies_in_tech_quick_survey/,2,0,5/1/2025
1karafe,https://www.reddit.com/r/womenintech/comments/1karafe/i_fought_to_build_this_life_i_need_a_chance_to/,1,0,5/1/2025
1kar58a,https://www.reddit.com/r/womenintech/comments/1kar58a/transitioning_to_finance_need_advice_building_ds/,1,0,5/1/2025
1ka7yy2,https://www.reddit.com/r/womenintech/comments/1ka7yy2/help_being_cheeky/,14,21,5/1/2025
1k9sx5r,https://www.reddit.com/r/womenintech/comments/1k9sx5r/stressedanxious_about_returning_to_work_after/,81,8,5/1/2025
1ka9pia,https://www.reddit.com/r/womenintech/comments/1ka9pia/do_you_apologize_in_the_workplace/,9,12,5/1/2025
1ka9qou,https://www.reddit.com/r/womenintech/comments/1ka9qou/call_for_writers_women_in_technical_communication/,4,0,5/1/2025
1k9xk78,https://www.reddit.com/r/womenintech/comments/1k9xk78/do_i_count_as_a_woman_in_tech/,17,117,5/1/2025
1ka0sjf,https://www.reddit.com/r/womenintech/comments/1ka0sjf/people_interviewing_right_now_what_feels_hardest/,10,6,5/1/2025
1k9piur,https://www.reddit.com/r/womenintech/comments/1k9piur/anyone_ever_get_a_job_without_practicing_for/,27,15,5/1/2025
1k9rhk2,https://www.reddit.com/r/womenintech/comments/1k9rhk2/where_to_find_female_angel_investors/,9,5,5/1/2025
1k9uqgi,https://www.reddit.com/r/womenintech/comments/1k9uqgi/full_remote/,2,0,5/1/2025
1k9pwu6,https://www.reddit.com/r/womenintech/comments/1k9pwu6/career_tips_from_fellow_tech_women_in_nc/,3,0,5/1/2025
1k9ayk0,https://www.reddit.com/r/womenintech/comments/1k9ayk0/burnt_out_but_have_a_job_interview_after_months/,32,10,5/1/2025
1k8pl8x,https://i.redd.it/evuaint8f9xe1.jpeg,638,101,5/1/2025
1k9cffk,https://www.reddit.com/r/womenintech/comments/1k9cffk/stuck_in_a_toxic_job_being_on_visa_makes_it_tough/,12,5,5/1/2025
1k92h1f,https://www.reddit.com/r/womenintech/comments/1k92h1f/are_there_career_coaching_services_you_all_have/,23,22,5/1/2025
1k9d2pk,/r/womenEngineers/comments/1k9cjef/imposter_syndrome_in_fs_team/,1,0,5/1/2025
1k8t0ou,https://www.reddit.com/r/womenintech/comments/1k8t0ou/dealing_with_reorg/,25,8,5/1/2025
1k7sz7v,https://www.reddit.com/r/womenintech/comments/1k7sz7v/interviewing_young_women/,1755,105,5/1/2025
1k8onmg,https://www.reddit.com/r/womenintech/comments/1k8onmg/moving_into_a_tech_ba_role_guilt/,12,2,5/1/2025
1k8gxqx,https://www.reddit.com/r/womenintech/comments/1k8gxqx/will_an_mba_help_or_hurt_your_career/,21,24,5/1/2025
1k89ztf,https://www.reddit.com/r/womenintech/comments/1k89ztf/got_a_cs_degree_landed_a_job_i_dont_like_now_what/,18,25,5/1/2025
1k857cz,https://www.reddit.com/r/womenintech/comments/1k857cz/is_it_recommended_to_care_less/,48,25,5/1/2025
1k7zw2i,https://www.reddit.com/r/womenintech/comments/1k7zw2i/manager_yelled_at_me_in_front_of_everyone_i_cant/,80,24,5/1/2025
1k7sqlm,https://www.reddit.com/r/womenintech/comments/1k7sqlm/really_tired_of_being_the_human_emotions/,106,12,5/1/2025
1k7tdjd,https://www.reddit.com/r/womenintech/comments/1k7tdjd/you_control_how_you_react/,34,10,5/1/2025
1k7xda9,https://www.reddit.com/r/womenintech/comments/1k7xda9/need_advice/,11,6,5/1/2025
1k7eqfa,https://www.reddit.com/r/womenintech/comments/1k7eqfa/countries_that_are_the_least_antiwomen/,168,188,5/1/2025
1k7eqgg,https://www.reddit.com/r/womenintech/comments/1k7eqgg/male_coworkers_get_paid_a_lot_more_than_me/,100,13,5/1/2025
1k6ppt3,https://www.reddit.com/r/womenintech/comments/1k6ppt3/sex_discrimination_is_about_to_get_worse/,2165,230,5/1/2025
1k7d35t,/r/coworkerstories/comments/1k71fns/my_coworker_told_our_boss_youre_not_intimidating/,52,1,5/1/2025
1k6vz8j,https://www.reddit.com/r/womenintech/comments/1k6vz8j/silly_thing_to_cry_over/,553,19,5/1/2025
1k7x6et,https://www.reddit.com/r/womenintech/comments/1k7x6et/dressing_for_conference/,2,4,5/1/2025
1k81fv4,https://www.reddit.com/r/womenintech/comments/1k81fv4/is_this_legitimate/,1,1,5/1/2025
1k7h0nl,https://www.reddit.com/r/womenintech/comments/1k7h0nl/how_to_get_back_on_track/,18,4,5/1/2025
1k7zof5,https://www.reddit.com/r/womenintech/comments/1k7zof5/i_need_advice/,1,16,5/1/2025
1k7uq4m,https://www.reddit.com/r/womenintech/comments/1k7uq4m/seeking_input_for_school_project/,1,1,5/1/2025
1k6esa4,https://www.reddit.com/r/womenintech/comments/1k6esa4/i_got_the_job/,1777,96,5/1/2025
1k7pwrc,https://www.reddit.com/r/womenintech/comments/1k7pwrc/substacks/,0,3,5/1/2025
1k7gptr,https://www.reddit.com/r/womenintech/comments/1k7gptr/survey_for_women_working_in_ict_sector_academic/,3,0,5/1/2025
1k80fsq,https://i.redd.it/4ezyxqj5s2xe1.jpeg,0,0,5/1/2025
1k6y5mo,https://www.reddit.com/r/womenintech/comments/1k6y5mo/trying_to_convince_myself_im_qualified_before_my/,23,20,5/1/2025
1k7di3w,https://www.reddit.com/r/womenintech/comments/1k7di3w/experienced_data_engineer_seeking_fulltime_role/,2,0,5/1/2025
1k6nbhn,https://www.reddit.com/r/womenintech/comments/1k6nbhn/getting_called_superwoman_at_work/,94,20,5/1/2025
1k6ywx4,https://www.reddit.com/r/womenintech/comments/1k6ywx4/scared_to_leave_a_job_thats_safe_but_wont_help_me/,16,11,5/1/2025
1k7rrag,https://www.reddit.com/r/womenintech/comments/1k7rrag/women_in_tech/,0,2,5/1/2025
1k6znne,https://www.reddit.com/r/womenintech/comments/1k6znne/advice_on_where_to_go_from_here_may_2024_grad_no/,11,8,5/1/2025
1k7580d,https://www.reddit.com/r/womenintech/comments/1k7580d/am_i_going_to_regret_this_schedule_710_am_start/,5,4,5/1/2025
1k773ew,https://www.reddit.com/r/womenintech/comments/1k773ew/high_school_and_middle_school_coding_opportunity/,3,0,5/1/2025
1k6aigd,https://www.reddit.com/r/womenintech/comments/1k6aigd/men_are_allowed_to_put_their_feelings_first_and/,288,39,5/1/2025
1k73687,https://www.reddit.com/r/womenintech/comments/1k73687/anyone_going_for_ghc_2025/,3,0,5/1/2025
1k6w7dn,https://www.reddit.com/r/womenintech/comments/1k6w7dn/should_i_get_back_at_this_dooshbag/,7,5,5/1/2025
1k6qrjb,https://www.reddit.com/r/womenintech/comments/1k6qrjb/being_redirected_to_a_pm_role_advice_please/,12,31,5/1/2025
1k70n0g,https://www.reddit.com/r/womenintech/comments/1k70n0g/is_going_into_tech_still_worth_it/,2,12,5/1/2025
1k75tfz,https://www.reddit.com/r/womenintech/comments/1k75tfz/conference_networking/,0,2,5/1/2025
1k6kgyg,https://www.reddit.com/r/womenintech/comments/1k6kgyg/being_considered_brave_vs_being_considered/,18,10,5/1/2025
1k6ac3x,https://www.reddit.com/r/womenintech/comments/1k6ac3x/feeling_stagnant_in_tech_after_20_yearsneed/,42,38,5/1/2025
1k6fdd6,https://www.reddit.com/r/womenintech/comments/1k6fdd6/a_free_career_pivot_plan_in_this_economy_iso_5/,11,17,5/1/2025
1k63tx8,https://www.reddit.com/r/womenintech/comments/1k63tx8/whats_your_dream_tech_company_to_work_for/,44,106,5/1/2025
1k6xhig,https://www.reddit.com/r/womenintech/comments/1k6xhig/looking_to_enter_us_job_market/,0,15,5/1/2025
1k6kk5p,https://www.reddit.com/r/womenintech/comments/1k6kk5p/advice_for_breaking_into_tech/,2,2,5/1/2025
1k6fd37,https://www.reddit.com/r/womenintech/comments/1k6fd37/how_to_work_with_people_who_are_focused_on/,3,11,5/1/2025
1k5j9fo,https://www.reddit.com/r/womenintech/comments/1k5j9fo/im_going_to_interrupt_you_well_please_dont/,310,39,5/1/2025
1k5k278,https://www.reddit.com/r/womenintech/comments/1k5k278/brag_more_work_less/,260,22,5/1/2025
1k66mx4,https://www.reddit.com/r/womenintech/comments/1k66mx4/should_i_update_my_name_on_linkedin_resume_and/,6,8,5/1/2025
1k6c2sx,https://www.reddit.com/r/womenintech/comments/1k6c2sx/25f_in_product_wanting_advice_burnt_out/,3,4,5/1/2025
1k6bfir,https://www.reddit.com/r/womenintech/comments/1k6bfir/which_would_you_aim_for/,2,7,5/1/2025
1k6f3sa,https://www.reddit.com/r/womenintech/comments/1k6f3sa/healthcare_pm/,0,2,5/1/2025
1k5oaof,https://www.reddit.com/r/womenintech/comments/1k5oaof/is_being_open_at_work_bad/,38,24,5/1/2025
1k64sqq,https://www.reddit.com/r/womenintech/comments/1k64sqq/ghc_25_advice_for_newbies/,2,0,5/1/2025
1k68m21,https://www.reddit.com/r/womenintech/comments/1k68m21/pms_talk_to_me_about_your_product_launch_strategy/,1,1,5/1/2025
1k66nc8,https://www.reddit.com/r/womenintech/comments/1k66nc8/imc_women_in_tech/,0,0,5/1/2025
1k4vp7g,https://i.redd.it/2g4fqikus9we1.jpeg,1411,146,5/1/2025
1k5m5fa,https://www.reddit.com/r/womenintech/comments/1k5m5fa/i_think_my_manager_sxualized_me_and_then_i_got/,23,17,5/1/2025
1k5s7dh,https://www.reddit.com/r/womenintech/comments/1k5s7dh/is_anyone_going_to_grace_hopper_2025/,3,1,5/1/2025
1k50cp8,https://www.reddit.com/r/womenintech/comments/1k50cp8/be_real_with_me_is_anyone_hiring_neurodivergent/,149,48,5/1/2025
1k5i79x,https://www.reddit.com/r/womenintech/comments/1k5i79x/prepping_for_technical_interviews_how_to_not_feel/,7,2,5/1/2025
1k5d4u2,https://www.reddit.com/r/womenintech/comments/1k5d4u2/29f_wanting_to_go_from_mental_health_to_tech/,9,30,5/1/2025
1k55fq1,https://www.reddit.com/r/womenintech/comments/1k55fq1/epic_systems_acquired_pod/,16,7,5/1/2025
1k5hzs3,https://www.reddit.com/r/womenintech/comments/1k5hzs3/building_my_first_ai_product_solo/,3,0,5/1/2025
1k4kkyj,https://www.reddit.com/r/womenintech/comments/1k4kkyj/the_ceo_hit_on_me_at_a_work_party/,287,71,5/1/2025
1k5439d,https://www.reddit.com/r/womenintech/comments/1k5439d/how_to_handle_toxic_coworkers_when_you_have_no/,10,7,5/1/2025
1k56mpt,https://www.reddit.com/r/womenintech/comments/1k56mpt/tell_me_your_stories/,7,4,5/1/2025
1k59rov,https://www.reddit.com/r/womenintech/comments/1k59rov/how_long_should_i_wait_for_an_interview/,5,3,5/1/2025
1k5e3re,https://survey.devographics.com/survey/state-of-devs/2025?source=referral_5n0w,2,0,5/1/2025
1k4j85w,https://www.reddit.com/r/womenintech/comments/1k4j85w/favorite_tech_workplace_myths/,179,31,5/1/2025
1k5ib73,https://www.reddit.com/r/womenintech/comments/1k5ib73/genuinely_curious_where_are_the_best_places_to/,0,3,5/1/2025
1k4i9l2,https://www.reddit.com/r/womenintech/comments/1k4i9l2/would_you_work_for_the_person_who_fired_your/,74,32,5/1/2025
1k4kn08,https://www.reddit.com/r/womenintech/comments/1k4kn08/how_often_do_you_feel_that_you_have_to_sacrifice/,36,13,5/1/2025
1k4lcwp,https://www.reddit.com/r/womenintech/comments/1k4lcwp/ideal_womens_goals_in_life_personal_life/,25,5,5/1/2025
1k45cu8,https://www.reddit.com/r/womenintech/comments/1k45cu8/completely_lost_my_will_to_even_try_on_the_verge/,164,44,5/1/2025
1k4frdb,https://www.reddit.com/r/womenintech/comments/1k4frdb/looking_for_data_science_study_partner/,3,0,5/1/2025
1k41hco,https://www.reddit.com/gallery/1k41hco,18,19,5/1/2025
1k3rycp,https://www.reddit.com/r/womenintech/comments/1k3rycp/gap_year_from_tech_good_idea/,47,33,5/1/2025
1k3d957,https://www.reddit.com/r/womenintech/comments/1k3d957/what_do_i_do/,339,60,5/1/2025
1k4929s,https://www.reddit.com/r/womenintech/comments/1k4929s/uk_based_transition_into_tech_as_selftaught/,0,3,5/1/2025
1k33wc8,https://www.reddit.com/r/womenintech/comments/1k33wc8/what_are_examples_that_made_you_realize_men_were/,708,96,5/1/2025
1k3piie,https://www.reddit.com/r/womenintech/comments/1k3piie/startup_salary/,14,9,5/1/2025
1k3kxis,https://www.reddit.com/r/womenintech/comments/1k3kxis/how_to_survive_a_stressful_job/,21,27,5/1/2025
1k3n5ll,https://www.reddit.com/r/womenintech/comments/1k3n5ll/would_you_be_interested_in_womenonly_burnout/,11,17,5/1/2025
1k3ttgr,https://www.reddit.com/r/womenintech/comments/1k3ttgr/women_programs_for_jobs_in_us/,3,0,5/1/2025
1k3pnw6,https://www.reddit.com/r/womenintech/comments/1k3pnw6/project_manager_going_back_to_school_data_science/,3,5,5/1/2025
1k3vg54,https://www.reddit.com/r/womenintech/comments/1k3vg54/defense_contracting_looking_to_pivotis_tech_the/,1,2,5/1/2025
1k331lo,https://www.reddit.com/r/womenintech/comments/1k331lo/how_do_you_avoid_being_victimized_except_by/,45,32,5/1/2025
1k36i7r,https://www.reddit.com/r/womenintech/comments/1k36i7r/are_there_any_seniorsmanagers_here_who_were_too/,27,8,5/1/2025
1k3o80l,https://www.reddit.com/r/womenintech/comments/1k3o80l/platform_to_get_interview_call_for_software/,0,0,5/1/2025
1k34d8z,https://www.reddit.com/r/womenintech/comments/1k34d8z/job_seeking_i_think_im_doing_it_wrong_advice/,24,52,5/1/2025
1k39bxj,https://www.reddit.com/r/womenintech/comments/1k39bxj/working_in_a_seedseries_a_startup_as_a_woman/,9,22,5/1/2025
1k2ip3p,https://www.reddit.com/r/womenintech/comments/1k2ip3p/ugh_being_the_truth_teller/,728,50,5/1/2025
1k31fh7,https://www.reddit.com/r/womenintech/comments/1k31fh7/senior_platform_engineer_interview_booked_and_im/,11,19,5/1/2025
1k2jpjn,https://www.reddit.com/r/womenintech/comments/1k2jpjn/update_5_months_later_my_brand_new_manager_at/,55,14,5/1/2025
1k2rz8o,https://www.reddit.com/r/womenintech/comments/1k2rz8o/new_to_tech_advice_on_how_to_navigate_team/,4,15,5/1/2025
1k28bpf,https://www.reddit.com/r/womenintech/comments/1k28bpf/hybridinoffice_how_do_you_deal_with_frequent/,35,22,5/1/2025
1k2nnfs,https://www.eventbrite.com/e/wicys-empowering-michigan-women-in-cybersecurity-tickets-1316356139649?aff=ebdsoporgprofile,2,0,5/1/2025
1k2i6e0,https://www.reddit.com/r/womenintech/comments/1k2i6e0/no_contract_renewal/,3,0,5/1/2025
1k2bi3z,https://www.reddit.com/r/womenintech/comments/1k2bi3z/getting_pregnant_while_contracting/,7,3,5/1/2025
1k1ock0,https://www.reddit.com/r/womenintech/comments/1k1ock0/harsh_reality/,147,29,5/1/2025
1k22sfi,https://www.reddit.com/r/womenintech/comments/1k22sfi/frustrated_with_work/,8,4,5/1/2025
1k1yklg,https://www.reddit.com/r/womenintech/comments/1k1yklg/my_manager_is_extremely_manipulative/,12,14,5/1/2025
1k1y145,https://www.reddit.com/r/womenintech/comments/1k1y145/learning_python_for_career_advancement_in/,9,6,5/1/2025
1k1uune,http://www.endworkplaceabuse.com/issues/,12,0,5/1/2025
1k1p2li,https://www.reddit.com/r/womenintech/comments/1k1p2li/any_jobs_in_tech_that_require_minimal_human/,26,7,5/1/2025
1k1uouh,https://www.reddit.com/r/womenintech/comments/1k1uouh/free_workplace_emotional_first_aid_kit/,5,0,5/1/2025
1k12nv4,https://www.reddit.com/r/womenintech/comments/1k12nv4/im_male_applying_for_a_new_role_how_can_i/,245,68,5/1/2025
1k1abst,https://www.reddit.com/r/womenintech/comments/1k1abst/excited_for_my_new_job/,41,3,5/1/2025
1k0y070,https://www.reddit.com/r/womenintech/comments/1k0y070/the_only_woman_problem/,143,40,5/1/2025
1k18obl,https://www.reddit.com/r/womenintech/comments/1k18obl/just_finished_live_coding_interview/,18,9,5/1/2025
1k0pwtp,https://www.reddit.com/r/womenintech/comments/1k0pwtp/i_work_in_a_boys_club_disguised_as_a_flat/,354,85,5/1/2025
1k1bbn6,https://www.reddit.com/r/womenintech/comments/1k1bbn6/i_need_help_or_im_screwed/,7,13,5/1/2025
1k0rffj,https://www.reddit.com/r/womenintech/comments/1k0rffj/anyone_else_enjoys_being_older/,167,27,5/1/2025
1k0w2n6,https://humansinsystems.com/blog/you-dont-have-to-burn-out-to-deserve-a-break,72,12,5/1/2025
1k12alj,https://www.reddit.com/r/womenintech/comments/1k12alj/growing_in_my_career_with_bipolar/,19,5,5/1/2025
1k0fzit,https://www.reddit.com/r/womenintech/comments/1k0fzit/our_company_worked_hard_to_reach_diversity_goals/,485,104,5/1/2025
1k12lhs,https://www.reddit.com/r/womenintech/comments/1k12lhs/looking_for_a_women_in_tech_discord_ive_seen_some/,10,1,5/1/2025
1k15nrs,https://www.reddit.com/r/womenintech/comments/1k15nrs/seeking_advice_and_some_motivation_for_a_new_grad/,3,0,5/1/2025
1k0w19z,https://www.reddit.com/r/womenintech/comments/1k0w19z/vent_project_being_changed_completely_after_i/,13,1,5/1/2025
1k0odap,https://www.reddit.com/r/womenintech/comments/1k0odap/would_you_change_jobs_in_the_current_climate/,19,21,5/1/2025
1k0tkqz,https://www.reddit.com/r/womenintech/comments/1k0tkqz/getting_least_amount_of_positive_customer_reviews/,6,4,5/1/2025
1k1183d,https://www.reddit.com/r/womenintech/comments/1k1183d/admet_chemistry_job_in_ai/,1,0,5/1/2025
1k0etqk,https://www.reddit.com/r/womenintech/comments/1k0etqk/the_job_search_is_awful_or_maybe_i_am_just_awful/,17,4,5/1/2025
1k02wag,https://www.reddit.com/r/womenintech/comments/1k02wag/should_i_quit_my_job_and_become_a_baker/,105,48,5/1/2025
1k0btjf,https://www.reddit.com/r/womenintech/comments/1k0btjf/what_do_you_do_when_your_manager_takes_credit_for/,22,17,5/1/2025
1k0m7bg,https://www.reddit.com/r/womenintech/comments/1k0m7bg/how_to_define_roles_and_responsibilities/,3,0,5/1/2025
1k0gf8t,https://www.reddit.com/r/womenintech/comments/1k0gf8t/looking_for_computer_science_female_friends/,7,2,5/1/2025
1k0c510,https://www.reddit.com/r/womenintech/comments/1k0c510/using_sugar_to_fuel_productivity_how_to_change/,15,9,5/1/2025
1jzcfav,https://i.redd.it/p4nhcxad7vue1.jpeg,3427,69,5/1/2025
1k0ev4u,https://www.reddit.com/r/womenintech/comments/1k0ev4u/6_years_how_do_i_move_progress_to_leadership_role/,7,2,5/1/2025
1k085ba,https://www.reddit.com/r/womenintech/comments/1k085ba/question_about_thoughtfluencer_types_in/,21,10,5/1/2025
1jzm0ix,https://www.reddit.com/r/womenintech/comments/1jzm0ix/im_afraid_that_im_never_going_to_get_a_tech_job/,285,53,5/1/2025
1k0kp0m,https://www.reddit.com/r/womenintech/comments/1k0kp0m/podcasts_on_tech/,1,5,5/1/2025
1jznvgj,https://www.reddit.com/r/womenintech/comments/1jznvgj/are_neurodivergent_women_getting_hired_anymore/,102,71,5/1/2025
1k0bzwu,https://www.reddit.com/r/womenintech/comments/1k0bzwu/looking_for_meta_referral/,3,0,5/1/2025
1k0e9j0,https://www.reddit.com/r/womenintech/comments/1k0e9j0/looking_for_data_analyst_business_analyst_role_or/,0,0,5/1/2025
1jzhb7v,https://www.reddit.com/r/womenintech/comments/1jzhb7v/economy_causing_a_toxic_environment/,122,24,5/1/2025
1jzp3a5,https://www.reddit.com/r/womenintech/comments/1jzp3a5/women_who_are_dev_for_more_than_10_years_how_to/,24,17,5/1/2025
1k03uia,https://www.reddit.com/r/womenintech/comments/1k03uia/interview_tomorrow/,3,0,5/1/2025
1jzav64,https://www.reddit.com/r/womenintech/comments/1jzav64/reverse_the_playbook/,165,7,5/1/2025
1jztozg,https://www.reddit.com/r/womenintech/comments/1jztozg/tips_on_getting_into_nvidia/,7,0,5/1/2025
1k010vc,https://www.reddit.com/r/womenintech/comments/1k010vc/advice_for_a_beginning_data_analyst/,2,4,5/1/2025
1jz88ia,https://www.reddit.com/r/womenintech/comments/1jz88ia/candidates_getting_rejected_for_suspected_use_of/,158,65,5/1/2025
1jz6xrj,https://www.reddit.com/r/womenintech/comments/1jz6xrj/my_direct_report_regularly_leaves_redundant/,95,42,5/1/2025
1jz58qt,https://www.reddit.com/r/womenintech/comments/1jz58qt/retribution_for_leaving/,68,6,5/1/2025
1jz4xxj,https://www.reddit.com/r/womenintech/comments/1jz4xxj/feeling_stuck_after_quitting_my_job_what_would/,29,6,5/1/2025
1jzd6i8,https://www.reddit.com/r/womenintech/comments/1jzd6i8/mandated_eap/,9,10,5/1/2025
1jz3wqh,https://www.reddit.com/r/womenintech/comments/1jz3wqh/dealing_with_impostor_feelings_as_a_selftaught/,15,16,5/1/2025
1jyxjd1,https://www.reddit.com/r/womenintech/comments/1jyxjd1/career_and_family_planning/,29,36,5/1/2025
1jzaxen,https://www.reddit.com/r/womenintech/comments/1jzaxen/manager_misery/,5,7,5/1/2025
1jzeyz3,https://www.reddit.com/r/womenintech/comments/1jzeyz3/how_do_i_get_started_in_ai_for_analytics_and/,2,1,5/1/2025
1jzcnmx,https://www.reddit.com/r/womenintech/comments/1jzcnmx/new_grad_quick_questions/,2,6,5/1/2025
1jypehp,https://www.reddit.com/r/womenintech/comments/1jypehp/rare_coworker_appreciation_post/,41,10,5/1/2025
1jyt21b,https://www.reddit.com/r/womenintech/comments/1jyt21b/my_wit_interviews_suggest_a_geographic_split_what/,7,3,5/1/2025
1jyf0pr,https://www.reddit.com/r/womenintech/comments/1jyf0pr/mainsplaining/,46,22,5/1/2025
1jyeb81,https://www.reddit.com/r/womenintech/comments/1jyeb81/are_there_any_tech_fields_with_more_focus_and/,16,26,5/1/2025
1jynhvx,https://www.reddit.com/r/womenintech/comments/1jynhvx/fell_into_a_product_roleadvice_needed/,4,4,5/1/2025
1jyhubf,https://www.reddit.com/r/womenintech/comments/1jyhubf/what_is_the_industry_in_the_2020s_like_for/,4,15,5/1/2025
1jyfl5h,https://www.reddit.com/r/womenintech/comments/1jyfl5h/google_assessment_interview_process/,4,7,5/1/2025
1jycx6j,https://www.reddit.com/r/womenintech/comments/1jycx6j/one_foot_out_the_door_but/,7,1,5/1/2025
1jyefnh,https://www.reddit.com/r/womenintech/comments/1jyefnh/ux_and_dei/,4,10,5/1/2025
1jy164k,https://www.reddit.com/r/womenintech/comments/1jy164k/learning_which_tech_skills_will_be_useful_in_the/,18,9,5/1/2025
1jxvmgk,https://www.reddit.com/r/womenintech/comments/1jxvmgk/cried_during_meeting_with_ceo/,48,15,5/1/2025
1jxw4d2,https://www.reddit.com/r/womenintech/comments/1jxw4d2/dating_advice_for_a_woman_in_tech/,35,50,5/1/2025
1jy5nwz,https://www.reddit.com/r/womenintech/comments/1jy5nwz/how_do_you_deal_with_pressure_from_investors_as_a/,4,1,5/1/2025
1jxv6jz,https://www.reddit.com/r/womenintech/comments/1jxv6jz/interview_after_going_full_frump_wfh_for_10_years/,38,11,5/1/2025
1jxhikn,https://www.reddit.com/r/womenintech/comments/1jxhikn/the_utter_hypocrisy/,145,3,5/1/2025
1jxwros,https://www.reddit.com/r/womenintech/comments/1jxwros/28f_recently_laid_off_tv_journalist_seeking/,11,3,5/1/2025
1jy73d3,https://www.reddit.com/r/womenintech/comments/1jy73d3/looking_for_cofounder_software_engineer/,0,0,5/1/2025
1jx2xl1,https://www.reddit.com/r/womenintech/comments/1jx2xl1/update_i_met_the_other_woman_today/,1049,18,5/1/2025
1jxmehy,https://www.reddit.com/r/womenintech/comments/1jxmehy/tips_for_negotiating/,5,1,5/1/2025
1jxr47o,https://www.reddit.com/r/womenintech/comments/1jxr47o/interesting_book_about_life_in_it/,2,1,5/1/2025
1jx5m2m,https://www.reddit.com/r/womenintech/comments/1jx5m2m/what_are_we_wearing_to_tech_product_conferences/,23,33,5/1/2025
1jwyjkm,https://www.reddit.com/r/womenintech/comments/1jwyjkm/i_dont_know_what_to_do_now/,51,13,5/1/2025
1jxa360,https://www.reddit.com/r/womenintech/comments/1jxa360/how_to_not_sound_passive_aggressive_or_sarcastic/,7,7,5/1/2025
1jwsiqm,https://www.reddit.com/r/womenintech/comments/1jwsiqm/how_to_deal_with_others_being_given_credit_for/,83,28,5/1/2025
1jx9hux,https://www.reddit.com/r/womenintech/comments/1jx9hux/thinking_about_getting_in_cybersecurity_but_not/,6,3,5/1/2025
1jwzb7v,https://www.reddit.com/r/womenintech/comments/1jwzb7v/tell_me_about_your_work/,13,3,5/1/2025
1jwyqne,https://www.reddit.com/r/womenintech/comments/1jwyqne/switching_to_a_very_feminine_name/,11,12,5/1/2025
1jwjkz5,https://www.reddit.com/r/womenintech/comments/1jwjkz5/if_everything_is_urgent_nothing_is_really_urgent/,65,6,5/1/2025
1jwi6ml,https://www.reddit.com/r/womenintech/comments/1jwi6ml/coworker_regularly_ignoring_you/,51,8,5/1/2025
1jwuo27,https://www.reddit.com/r/womenintech/comments/1jwuo27/failing_live_coding_interview/,5,2,5/1/2025
1jwufn5,https://www.reddit.com/r/womenintech/comments/1jwufn5/promoting_my_peer_in_my_same_career_level_even/,5,2,5/1/2025
1jwvzo7,https://www.reddit.com/r/womenintech/comments/1jwvzo7/not_getting_any_replies_after_technical_interviews/,5,3,5/1/2025
1jwv8h7,https://www.reddit.com/r/womenintech/comments/1jwv8h7/confusing_compensation_what_does_it_mean/,3,9,5/1/2025
1jwcnw1,https://www.reddit.com/r/womenintech/comments/1jwcnw1/how_do_i_earn_their_respect/,33,17,5/1/2025
1jww4qj,https://www.reddit.com/r/womenintech/comments/1jww4qj/were_building_an_ai_mental_health_tool_your_voice/,0,2,5/1/2025
1jwd6cn,https://www.reddit.com/r/womenintech/comments/1jwd6cn/how_do_you_speak_your_mind_without_regretting_it/,21,21,5/1/2025
1jvaij6,https://www.reddit.com/r/womenintech/comments/1jvaij6/got_hired_because_they_have_another_woman_whom/,3114,86,5/1/2025
1jwdhox,https://www.reddit.com/r/womenintech/comments/1jwdhox/if_you_could_do_it_all_over_again_what_would_you/,6,8,5/1/2025
1jwdeqe,https://www.reddit.com/r/womenintech/comments/1jwdeqe/is_anyone_a_fhir_guru_and_needs_a_new_job/,5,3,5/1/2025
1jw04jg,https://www.reddit.com/r/womenintech/comments/1jw04jg/filing_taxes_for_rsus_and_stocks/,17,3,5/1/2025
1jvt9wj,https://www.reddit.com/r/womenintech/comments/1jvt9wj/manager_works_with_you_on_your_impostor_syndrome/,31,38,5/1/2025
1jw17t4,https://www.reddit.com/r/womenintech/comments/1jw17t4/please_recommend_women_returners_programs/,7,4,5/1/2025
1jvz3n0,https://www.reddit.com/r/womenintech/comments/1jvz3n0/intentionally_downleveling/,6,10,5/1/2025
1jvstum,https://www.reddit.com/r/womenintech/comments/1jvstum/less_women_in_lower_educated_technical_jobs_and/,18,23,5/1/2025
1jvqf8q,https://www.reddit.com/r/womenintech/comments/1jvqf8q/being_an_sme_is_a_privilege/,25,14,5/1/2025
1jw2ut4,https://www.aol.com/meet-angel-investors-shaking-silicon-080901675.html,2,2,5/1/2025
1jusbj2,https://www.reddit.com/r/womenintech/comments/1jusbj2/amazons_frugality_isnt_efficientits_dystopian/,1804,129,5/1/2025
1jvrxff,https://www.reddit.com/r/womenintech/comments/1jvrxff/emerging_tech_early_adoption_what_currently_shows/,4,9,5/1/2025
1jvvksu,https://www.reddit.com/r/womenintech/comments/1jvvksu/app_partner/,2,5,5/1/2025
1jvavu3,https://www.reddit.com/r/womenintech/comments/1jvavu3/starting_over_again_is_this_just_how_it_goes/,51,23,5/1/2025
1jvbv75,https://www.reddit.com/gallery/1jvbv75,42,5,5/1/2025
1juytln,https://www.reddit.com/r/womenintech/comments/1juytln/im_done/,233,15,5/1/2025
1jvm3bx,https://www.reddit.com/r/womenintech/comments/1jvm3bx/help_me_im_lost/,3,4,5/1/2025
1jusave,https://www.reddit.com/r/womenintech/comments/1jusave/amazons_frugality_isnt_efficientits_dystopian/,188,18,5/1/2025
1jvkhct,https://www.reddit.com/r/womenintech/comments/1jvkhct/tech_research_resume_writer/,2,1,5/1/2025
1jv9quw,https://www.reddit.com/r/womenintech/comments/1jv9quw/i_run_an_event_for_underrepresented_folks_in/,6,3,5/1/2025
1jvmspb,https://www.reddit.com/r/womenintech/comments/1jvmspb/how_to_find_full_time_part_time_time_jobs_in/,0,1,5/1/2025
1jv83r8,https://www.reddit.com/r/womenintech/comments/1jv83r8/i_had_a_job_interview_which_felt_kind_of_off_but/,6,2,5/1/2025
1jv91oc,https://www.reddit.com/r/womenintech/comments/1jv91oc/should_i_take_offer_from_doordash/,5,13,5/1/2025
1jvgmeu,https://www.reddit.com/r/womenintech/comments/1jvgmeu/anyone_got_accepted_to_walmart_swe_internship/,2,1,5/1/2025
1jv6xf3,https://www.reddit.com/r/womenintech/comments/1jv6xf3/any_help/,5,3,5/1/2025
1juqq3g,https://www.reddit.com/r/womenintech/comments/1juqq3g/felt_so_humiliated/,104,35,5/1/2025
1juoitu,https://www.reddit.com/r/womenintech/comments/1juoitu/gender_discrepancy_at_work/,114,39,5/1/2025
1jv3t39,https://www.nature.com/articles/d41586-025-01098-9?fbclid=IwZXh0bgNhZW0CMTEAAR5dcpIrJ1LnognyX0pBYg9j2hnn3K3u0kOLvghMQn9Szrx20fxnM6GUflu1MQ_aem_gBW8cvIpjt7wbOxFN-BkNQ,4,0,5/1/2025
1jvfmvl,https://www.reddit.com/r/womenintech/comments/1jvfmvl/will_they_know_if_i_use_a_friends_company_as_my/,1,16,5/1/2025
1jvdn33,/r/SexualHarassmentTalk/comments/1io4z2n/my_husband_and_i_experienced_workplace_harassment/,1,0,5/1/2025
1jv3dpj,https://www.reddit.com/r/womenintech/comments/1jv3dpj/remote_hiring_seniorstaff_pythondjango_engineers/,3,6,5/1/2025
1juwn90,https://www.reddit.com/r/womenintech/comments/1juwn90/how_do_you_cope_with_negative_feedback_at_work/,7,8,5/1/2025
1juncpq,https://www.reddit.com/r/womenintech/comments/1juncpq/target_for_resentment_in_your_team/,19,12,5/1/2025
1jv3s7s,https://www.reddit.com/r/womenintech/comments/1jv3s7s/who_is_your_favorite_wit_character_in_tv_shows_or/,1,0,5/1/2025
1jtre26,https://i.redd.it/nj4clixx9gte1.jpeg,1310,123,5/1/2025
1ju9axy,https://www.reddit.com/r/womenintech/comments/1ju9axy/feeling_weird_when_it_comes_to_companies_making/,68,43,5/1/2025
1jv4bs4,https://i.redd.it/9achcn90xste1.png,0,5,5/1/2025
1ju48jv,https://www.reddit.com/r/womenintech/comments/1ju48jv/tech_has_let_me_down/,119,40,5/1/2025
1justnz,https://www.reddit.com/r/womenintech/comments/1justnz/which_major_should_i_choose/,1,7,5/1/2025
1jtr53v,https://www.reddit.com/r/womenintech/comments/1jtr53v/i_rejoined_my_tech_degree_after_being_sexually/,200,44,5/1/2025
1jtkcmi,https://www.reddit.com/r/womenintech/comments/1jtkcmi/wish_me_luck_today_might_be_fired_for_reporting_a/,411,40,5/1/2025
1juoaof,https://www.reddit.com/r/womenintech/comments/1juoaof/advice_for_ad_account_management_interview/,1,0,5/1/2025
1ju2cbp,https://www.reddit.com/r/womenintech/comments/1ju2cbp/spiraling_and_regret/,21,10,5/1/2025
1ju49xi,https://www.reddit.com/r/womenintech/comments/1ju49xi/planning_a_career_change/,7,2,5/1/2025
1jtrljj,https://newrepublic.com/article/193102/trump-workplace-pregnancy-discrimination-law,37,0,5/1/2025
1jtlcr6,https://www.reddit.com/r/womenintech/comments/1jtlcr6/what_to_do_when_you_find_out_youre_the_unliked/,58,9,5/1/2025
1jtab2y,https://v.redd.it/w6i3pfszk7te1,327,21,5/1/2025
1jtplvb,https://www.reddit.com/r/womenintech/comments/1jtplvb/burnout_from_boring_and_not_engaging_work/,20,6,5/1/2025
1jtqanv,https://www.reddit.com/r/womenintech/comments/1jtqanv/did_anyone_transition_from_being_a_software/,16,21,5/1/2025
1jted60,https://www.reddit.com/r/womenintech/comments/1jted60/dont_cope_its_okay_to_be_negative/,98,14,5/1/2025
1jtls0z,https://www.reddit.com/r/womenintech/comments/1jtls0z/manufacturing_engineer_salary/,6,4,5/1/2025
1ju8ylo,https://www.reddit.com/r/womenintech/comments/1ju8ylo/gen_z_1825_would_you_ever_use_a_dating_app_that/,0,2,5/1/2025
1jt3pyk,https://i.redd.it/d5gtuk76228e1.png,78,0,5/1/2025
1jtiiyl,https://www.reddit.com/r/womenintech/comments/1jtiiyl/boot_camp_questions/,2,11,5/1/2025
1jslhxo,https://www.reddit.com/r/womenintech/comments/1jslhxo/follow_up_peace_out_yall/,142,33,5/1/2025
1js9avc,https://www.reddit.com/r/womenintech/comments/1js9avc/is_this_a_cultural_thing/,762,132,5/1/2025
1jt30h3,https://www.reddit.com/r/womenintech/comments/1jt30h3/ideas_for_pro_bonovolunteer_tech_work_during/,5,1,5/1/2025
1jsml8j,https://www.reddit.com/r/womenintech/comments/1jsml8j/struggling_with_ambition/,32,14,5/1/2025
1jsn86c,https://www.reddit.com/r/womenintech/comments/1jsn86c/doubt/,23,3,5/1/2025
1jt0f9d,https://www.reddit.com/r/womenintech/comments/1jt0f9d/how_i_transitioned_to_a_tech_career_without_a/,0,0,5/1/2025
1jrf6sx,https://www.reddit.com/r/womenintech/comments/1jrf6sx/advice_to_younger_women_in_tech/,1455,111,5/1/2025
1js94ml,https://www.reddit.com/r/womenintech/comments/1js94ml/netflix_de_onsite/,4,1,5/1/2025
1jrje7d,https://www.reddit.com/r/womenintech/comments/1jrje7d/peace_out_yall/,332,175,5/1/2025
1jsjp17,https://www.reddit.com/r/womenintech/comments/1jsjp17/per_scholas_worth_it/,1,10,5/1/2025
1jseo6y,https://www.reddit.com/r/womenintech/comments/1jseo6y/what_to_wear_for_informal_interview_ie_meeting/,2,7,5/1/2025
1jrxjda,https://www.reddit.com/r/womenintech/comments/1jrxjda/job_hunt_is_brutal_in_canada/,23,10,5/1/2025
1jrc3i8,https://www.reddit.com/r/womenintech/comments/1jrc3i8/didnt_know_i_was_walking_into_a_vipers_nest/,315,50,5/1/2025
1jru54x,https://www.reddit.com/r/womenintech/comments/1jru54x/angry_and_bitter_over_pretty_bad_sexism_as_female/,20,4,5/1/2025
1js270a,https://www.reddit.com/r/womenintech/comments/1js270a/any_advice_for_teachers_who_want_to_transition/,2,17,5/1/2025
1jsj574,https://www.reddit.com/r/womenintech/comments/1jsj574/are_there_any_meta_employees_in_this_sub/,0,3,5/1/2025
1jrzoru,https://www.reddit.com/r/womenintech/comments/1jrzoru/need_advice_at_current_job/,2,5,5/1/2025
1jrvcbn,https://i.redd.it/fmdsjhfp1yse1.png,3,0,5/1/2025
1jruqp1,https://www.reddit.com/r/womenintech/comments/1jruqp1/azure_vs_aws_vs_gcp_vs_other_which_certification/,2,4,5/1/2025
1jr1tlp,https://www.reddit.com/r/womenintech/comments/1jr1tlp/just_wanted_to_vent/,43,17,5/1/2025
1jrkfi6,https://www.reddit.com/r/womenintech/comments/1jrkfi6/which_way_to_go/,2,1,5/1/2025
1jqitum,https://www.reddit.com/r/womenintech/comments/1jqitum/why_did_this_happen/,291,41,5/1/2025
1jqqn3v,https://www.reddit.com/r/womenintech/comments/1jqqn3v/horrible_final_interview_the_other_daystill/,112,14,5/1/2025
1jr3sbo,https://www.reddit.com/r/womenintech/comments/1jr3sbo/career_advice/,6,5,5/1/2025
1jpyu21,https://www.reddit.com/r/womenintech/comments/1jpyu21/mediocre_geniuses/,613,70,5/1/2025
1jqdlo1,https://www.reddit.com/r/womenintech/comments/1jqdlo1/advice_needed_i_think_i_have_been_surrounded/,33,8,5/1/2025
1jqk1sy,https://www.reddit.com/r/womenintech/comments/1jqk1sy/my_boss_isnt_qualified/,9,3,5/1/2025
1jqa8pl,https://www.reddit.com/r/womenintech/comments/1jqa8pl/difficult_to_manage/,40,14,5/1/2025
1jqgthw,https://www.reddit.com/r/womenintech/comments/1jqgthw/how_to_find_a_mentor/,9,8,5/1/2025
1jqnic3,https://www.reddit.com/r/womenintech/comments/1jqnic3/mentoring_programs_advice/,3,1,5/1/2025
1jr6rxo,https://www.reddit.com/r/womenintech/comments/1jr6rxo/wanted/,0,0,5/1/2025
1jqjgcs,https://www.reddit.com/r/womenintech/comments/1jqjgcs/whats_the_answer/,4,10,5/1/2025
1jqolfj,https://www.reddit.com/r/womenintech/comments/1jqolfj/advice_from_women_who_majored_in_cisis_or_are_in/,2,2,5/1/2025
1jqe7xe,https://www.reddit.com/r/womenintech/comments/1jqe7xe/anyone_tech_girlie_from_london_here/,4,0,5/1/2025
1jqcwky,https://www.reddit.com/r/womenintech/comments/1jqcwky/a_survey_on_the_impact_of_remote_work_on_womens/,4,0,5/1/2025
1jqml1t,https://www.reddit.com/r/womenintech/comments/1jqml1t/can_nontech_wannabenewbies_hope_for_an/,1,17,5/1/2025
1jqd1ga,/r/careerguidance/comments/1jqczky/what_pitfalls_to_avoid_when_starting_a_new/,2,0,5/1/2025
1jprmma,https://www.reddit.com/r/womenintech/comments/1jprmma/im_patting_myself_on_the_back/,32,2,5/1/2025
1jq39ma,https://www.reddit.com/r/womenintech/comments/1jq39ma/feeling_left_out_as_the_only_woman_in_my/,7,2,5/1/2025
1jpxtt2,https://www.reddit.com/r/womenintech/comments/1jpxtt2/help_burnt_out_at_10_months/,9,4,5/1/2025
1jpw9mz,https://www.reddit.com/r/womenintech/comments/1jpw9mz/slack/,6,2,5/1/2025
1jp90oc,https://www.reddit.com/r/womenintech/comments/1jp90oc/riding_out_this_job_market/,107,18,5/1/2025
1jpy63t,https://www.reddit.com/r/womenintech/comments/1jpy63t/experienced_nurse_seeking_advice_on_transitioning/,2,3,5/1/2025
1jp6ia7,https://www.reddit.com/r/womenintech/comments/1jp6ia7/i_am_secretly_managing_my_team/,57,21,5/1/2025
1jow05h,https://www.reddit.com/r/womenintech/comments/1jow05h/why_do_they_treat_you_like_youre_stupid_no_matter/,168,29,5/1/2025
1jpm1rx,https://www.reddit.com/r/womenintech/comments/1jpm1rx/looking_for_a_technical_cofounder_to_build_in/,3,0,5/1/2025
1jp4qxa,https://www.reddit.com/r/womenintech/comments/1jp4qxa/was_i_not_hired_for/,36,10,5/1/2025
1jowpoz,https://www.reddit.com/r/womenintech/comments/1jowpoz/what_do_you_do_when_you_have_nothing_to_do_at/,95,60,5/1/2025
1jq3l4f,https://www.reddit.com/r/womenintech/comments/1jq3l4f/im_concerned/,0,1,5/1/2025
1jpbw6l,https://www.reddit.com/r/womenintech/comments/1jpbw6l/help_for_women_veterans_in_tech/,8,1,5/1/2025
1jpg9ym,https://www.reddit.com/r/womenintech/comments/1jpg9ym/want_to_build_an_app_in_the_holistic_wellness/,2,2,5/1/2025
1joznua,https://www.reddit.com/r/womenintech/comments/1joznua/any_women_tech_founders/,18,23,5/1/2025
1jp8lmj,https://www.reddit.com/r/womenintech/comments/1jp8lmj/should_i_take_the_voluntary_layoff_offer/,2,5,5/1/2025
1jp69e7,https://www.reddit.com/r/womenintech/comments/1jp69e7/im_of_nonit_background_and_do_not_like_the_field/,2,6,5/1/2025
1joug9g,https://www.reddit.com/r/womenintech/comments/1joug9g/in_what_kind_of_companies_can_you_build_good/,4,1,5/1/2025
1jolhfu,https://www.reddit.com/r/womenintech/comments/1jolhfu/am_i_reading_too_much_in_to_this/,18,35,5/1/2025
1jnz088,https://www.reddit.com/r/womenintech/comments/1jnz088/i_just_screwed_up_because_i_played_nice/,365,28,5/1/2025
1jolsmc,https://www.reddit.com/r/womenintech/comments/1jolsmc/terrified_of_the_working_in_this_field/,8,13,5/1/2025
1joao7h,https://www.reddit.com/r/womenintech/comments/1joao7h/getting_some_weird_feedback_about_what_im_looking/,15,15,5/1/2025
1jnh8a5,https://www.comicbasics.com/nasa-removes-graphic-novels-about-women-astronauts/,513,8,5/1/2025
1jnjc8y,https://www.reddit.com/r/womenintech/comments/1jnjc8y/recommendations_to_stop_worrying_so_much/,24,14,5/1/2025
1jnqsjo,https://www.reddit.com/r/womenintech/comments/1jnqsjo/if_you_had_to_break_into_your_field_all_over/,8,11,5/1/2025
1jmwdsf,https://hbr.org/2023/04/why-we-should-stop-saying-underrepresented,184,1,5/1/2025
1jmuoku,https://www.reddit.com/r/womenintech/comments/1jmuoku/any_women_who_took_break_for_1_year_and_now_doing/,227,96,5/1/2025
1jmui2h,https://www.reddit.com/r/womenintech/comments/1jmui2h/8_yoe_mid_30s_finally_stopped_trying_so_hard_to/,117,9,5/1/2025
1jmmul1,https://www.reddit.com/r/womenintech/comments/1jmmul1/laid_off_unemployed_and_rarely_get_interviews/,80,30,5/1/2025
1jmso57,https://www.reddit.com/r/womenintech/comments/1jmso57/using_chatgpt_in_interview/,14,16,5/1/2025
1jmxhty,https://www.reddit.com/r/womenintech/comments/1jmxhty/i_might_be_promoted_to_manager_soon_but_i_dont/,8,1,5/1/2025
1jn1ccu,https://www.reddit.com/r/womenintech/comments/1jn1ccu/help_frontend_dev_or_cybersecurity/,3,3,5/1/2025
1jm94gh,https://www.reddit.com/r/womenintech/comments/1jm94gh/so_i_figured_all_we_need_to_learn_is_how_to_be/,293,39,5/1/2025
1jndzpi,https://www.reddit.com/r/womenintech/comments/1jndzpi/desejo_fetiche_topa/,0,0,5/1/2025
1jm40ng,https://www.reddit.com/r/womenintech/comments/1jm40ng/feeling_a_bit_triggered_by_women_tech_influencers/,283,88,5/1/2025
1jmloui,https://www.reddit.com/r/womenintech/comments/1jmloui/age_in_the_industry_and_planning_for_late_stage/,13,2,5/1/2025
1jm6rpr,https://www.reddit.com/r/womenintech/comments/1jm6rpr/my_boss_attributed_my_work_to_a_male_coworker/,131,23,5/1/2025
1jlsyil,https://www.reddit.com/r/womenintech/comments/1jlsyil/women_are_seen_as_nagging/,639,50,5/1/2025
1jma40j,https://www.reddit.com/r/womenintech/comments/1jma40j/is_this_discrimination/,34,32,5/1/2025
1jlircu,https://www.reddit.com/r/womenintech/comments/1jlircu/i_broke_the_glass_ceilingbut_the_shards_stuck_in/,2255,99,5/1/2025
1jm2bw3,https://www.reddit.com/r/womenintech/comments/1jm2bw3/how_often_are_you_expected_to_monitor_side_chats/,24,24,5/1/2025
1jm7lx4,https://www.reddit.com/r/womenintech/comments/1jm7lx4/5_interviews_and_reference_checked_for_pm_role/,10,5,5/1/2025
1jlw02g,https://v.redd.it/5998ci3mufre1,35,1,5/1/2025
1jly1pu,https://www.reddit.com/r/womenintech/comments/1jly1pu/for_the_women_who_work_in_cyber_security_what_is/,13,11,5/1/2025
1jm00tf,https://www.reddit.com/r/womenintech/comments/1jm00tf/degree_is_almost_finished_scared_to_go_back_to/,11,13,5/1/2025
1jm6wlj,https://www.reddit.com/r/womenintech/comments/1jm6wlj/dont_know_what_to_do_going_forward_feeling_lost/,4,5,5/1/2025
1jlrz42,https://www.reddit.com/r/womenintech/comments/1jlrz42/women_exec_in_cyber/,12,2,5/1/2025
1jm9cwe,https://www.reddit.com/r/womenintech/comments/1jm9cwe/uk_startup_funded_founder_looking_for_founding/,0,2,5/1/2025
1jldz6u,https://www.reddit.com/r/womenintech/comments/1jldz6u/how_do_you_have_a_life/,113,49,5/1/2025
1jlapu7,https://www.reddit.com/r/womenintech/comments/1jlapu7/anyone_else_being_asked_to_strip_all_mention_of/,103,15,5/1/2025
1jlsms0,https://www.reddit.com/r/womenintech/comments/1jlsms0/she_says_one_thing_and_does_another/,2,1,5/1/2025
1jlurys,https://www.reddit.com/r/womenintech/comments/1jlurys/program_manager_considering_engineering_should_i/,2,7,5/1/2025
1jlx8vf,https://forms.gle/Y3V8JgJemhF2A8kK8,0,0,5/1/2025
1jl6d2w,https://i.redd.it/5oly9w6o19re1.jpeg,52,5,5/1/2025
1jlyolk,https://www.reddit.com/r/womenintech/comments/1jlyolk/hiring_for_a_freelance_senior_shopify_developer/,0,4,5/1/2025
1jljggz,https://www.reddit.com/r/womenintech/comments/1jljggz/how_do_i_defend_myself_with_an_analyst_that_says/,5,3,5/1/2025
1jla7mo,https://www.reddit.com/r/womenintech/comments/1jla7mo/struggling_with_perceived_sexism_and_bias/,17,5,5/1/2025
1jl9oxu,https://www.reddit.com/r/womenintech/comments/1jl9oxu/what_has_been_the_best_money_youve_ever_spent_on/,16,112,5/1/2025
1jldmmo,https://www.reddit.com/r/womenintech/comments/1jldmmo/accenture_how_is_it/,4,0,5/1/2025
1jlh6no,https://www.reddit.com/r/womenintech/comments/1jlh6no/seeking_guidance_for_upcoming_product_manager/,2,1,5/1/2025
1jkm22c,https://www.reddit.com/r/womenintech/comments/1jkm22c/i_just_got_fired_and_now_im_lost/,157,25,5/1/2025
1jl5joz,https://www.reddit.com/r/womenintech/comments/1jl5joz/finishing_college_but_i_feel_like_an_imposter/,4,7,5/1/2025
1jkg6rp,https://www.reddit.com/r/womenintech/comments/1jkg6rp/no_rants_today/,213,11,5/1/2025
1jkv7vc,https://www.reddit.com/r/womenintech/comments/1jkv7vc/disagreeing_with_midyear_review_hr_takes_managers/,27,9,5/1/2025
1jke3o5,https://www.reddit.com/r/womenintech/comments/1jke3o5/youre_not_a_people_pleaser/,182,5,5/1/2025
1jk7glo,https://www.reddit.com/r/womenintech/comments/1jk7glo/let_your_male_cofounder_talk_about_the_tech/,512,52,5/1/2025
1jl21lx,https://www.reddit.com/r/womenintech/comments/1jl21lx/looking_for_robotics_team_coach_in_dallas/,3,1,5/1/2025
1jl68wc,https://www.reddit.com/r/womenintech/comments/1jl68wc/did_meta_ghost_me/,0,5,5/1/2025
1jke2y6,https://www.reddit.com/r/womenintech/comments/1jke2y6/how_do_you_command_respect_in_your_field_and_job/,75,5,5/1/2025
1jk5zkn,https://www.reddit.com/r/womenintech/comments/1jk5zkn/disillusioned_with_tech_and_a_bit_heartbroken/,285,51,5/1/2025
1jkx202,https://www.reddit.com/r/womenintech/comments/1jkx202/no_tech_background_but_till_a_woman_tech_thats_me/,4,17,5/1/2025
1jkiwrn,https://www.reddit.com/r/womenintech/comments/1jkiwrn/anyone_else_permanently_drained_by_their_male/,24,4,5/1/2025
1jkujwg,https://www.reddit.com/r/womenintech/comments/1jkujwg/easy_projects_to_choose_after_maternity_leave/,2,0,5/1/2025
1jklnbc,https://www.reddit.com/r/womenintech/comments/1jklnbc/amazon_interview_process/,5,4,5/1/2025
1jkdunm,https://www.reddit.com/r/womenintech/comments/1jkdunm/have_trouble_communicating_at_work_tell_me_about/,5,0,5/1/2025
1jk4j9z,https://www.reddit.com/r/womenintech/comments/1jk4j9z/what_are_you_doing_with_your_money_during_these/,27,26,5/1/2025
1jkix5e,https://www.reddit.com/r/womenintech/comments/1jkix5e/google_team_match/,2,0,5/1/2025
1jkeh5a,https://www.reddit.com/r/womenintech/comments/1jkeh5a/struggling_at_work_after_personal_life_crisis/,2,3,5/1/2025
1jkhn55,https://www.reddit.com/r/womenintech/comments/1jkhn55/toxic_jobbacklash/,1,0,5/1/2025
1jjwd61,https://www.reddit.com/r/womenintech/comments/1jjwd61/help_senior_front_end_engineer/,30,29,5/1/2025
1jjd1ui,https://www.reddit.com/r/womenintech/comments/1jjd1ui/seeing_discrimination_everywhere/,508,39,5/1/2025
1jkcldz,https://www.reddit.com/r/womenintech/comments/1jkcldz/your_voice_can_shape_the_future_of_women_in_tech/,0,0,5/1/2025
1jj709e,https://www.reddit.com/r/womenintech/comments/1jj709e/asked_if_i_create_18_content_at_a_company/,928,27,5/1/2025
1jjlhou,https://www.reddit.com/r/womenintech/comments/1jjlhou/how_to_manage_being_always_online_through/,52,21,5/1/2025
1jkajb8,https://www.reddit.com/r/womenintech/comments/1jkajb8/harness_projects/,1,0,5/1/2025
1jjowzp,https://www.reddit.com/r/womenintech/comments/1jjowzp/what_do_you_think_of_war_rooms/,25,15,5/1/2025
1jk0xth,https://www.reddit.com/r/womenintech/comments/1jk0xth/moving_from_a_tier_1_team_for_mental_health_right/,5,5,5/1/2025
1jkfs3c,https://www.reddit.com/r/womenintech/comments/1jkfs3c/moms_in_tech_facing_rto_journorequest/,0,9,5/1/2025
1jjpw52,https://www.reddit.com/r/womenintech/comments/1jjpw52/if_you_are_a_founder_here_is_what_my_launch_day/,12,2,5/1/2025
1jjtrov,https://www.reddit.com/r/womenintech/comments/1jjtrov/what_industry_should_i_try_data_analystdata/,4,3,5/1/2025
1jja2k4,https://www.reddit.com/r/womenintech/comments/1jja2k4/careless_people_and_poker_face_feedback/,57,8,5/1/2025
1jjqhpy,https://www.reddit.com/r/womenintech/comments/1jjqhpy/please_help_with_my_survey/,2,0,5/1/2025
1jj0nku,https://www.reddit.com/r/womenintech/comments/1jj0nku/how_do_you_deal_with_the_rage/,86,40,5/1/2025
1jj33do,https://www.reddit.com/r/womenintech/comments/1jj33do/help_me_find_home_again_in_this_job_market/,51,25,5/1/2025
1jj7knk,https://www.reddit.com/r/womenintech/comments/1jj7knk/have_you_experienced_this_company_silencing_you/,21,24,5/1/2025
1jip8nu,https://www.reddit.com/r/womenintech/comments/1jip8nu/should_i_address_why_i_dont_talk_in_meetings/,211,47,5/1/2025
1jjj7uw,https://www.reddit.com/r/womenintech/comments/1jjj7uw/ideas_skills_matchmaking_for_not_exclusively/,2,0,5/1/2025
1jja9zq,https://www.reddit.com/r/womenintech/comments/1jja9zq/being_too_nice/,5,7,5/1/2025
1jj6yzh,https://www.reddit.com/r/womenintech/comments/1jj6yzh/female_founders_will_give_feedback_on_your/,5,8,5/1/2025
1jjbqw4,https://www.reddit.com/r/womenintech/comments/1jjbqw4/is_there_any_risk_to_putting_in_my_2_weeks_notice/,0,23,5/1/2025
1jj1qvk,https://www.reddit.com/r/womenintech/comments/1jj1qvk/cybersecurity_career/,5,14,5/1/2025
1jivaea,https://www.reddit.com/r/womenintech/comments/1jivaea/can_someone_tell_me_if_im_the_problem_or_is_this/,8,4,5/1/2025
1jico9d,https://www.reddit.com/r/womenintech/comments/1jico9d/linkedin_sucks_so_im_looking_to_build_a_better/,185,51,5/1/2025
1jikdnt,https://www.reddit.com/r/womenintech/comments/1jikdnt/has_anyone_experience_with_leaving_a_toxic_job/,44,38,5/1/2025
1jixowb,https://www.reddit.com/r/womenintech/comments/1jixowb/leading_women_erg_subcommittee_help_career_or_not/,4,11,5/1/2025
1jiakse,https://www.reddit.com/r/womenintech/comments/1jiakse/nonengineering_women_in_tech_lets_learn_ai/,25,1,5/1/2025
1jhm9nq,https://www.reddit.com/r/womenintech/comments/1jhm9nq/i_wanted_to_inspire_and_encourage_women_in/,398,107,5/1/2025
1jh5we1,https://www.reddit.com/r/womenintech/comments/1jh5we1/tech_bros_destroyed_my_joy_for_my_passion/,684,98,5/1/2025
1ji2eo5,https://www.reddit.com/r/womenintech/comments/1ji2eo5/thoughts_on_wit_events/,2,1,5/1/2025
1jhm1jd,https://www.reddit.com/r/womenintech/comments/1jhm1jd/i_dont_not_want_a_tech_degree/,18,12,5/1/2025
1jhgdie,https://www.reddit.com/r/womenintech/comments/1jhgdie/any_women_in_europe/,34,6,5/1/2025
1jh1750,https://www.reddit.com/r/womenintech/comments/1jh1750/my_heart_is_absolutely_broken/,447,95,5/1/2025
1jh4pd1,https://www.reddit.com/r/womenintech/comments/1jh4pd1/my_voice_is_background_noise/,193,17,5/1/2025
1jgoj71,https://www.reddit.com/r/womenintech/comments/1jgoj71/they_treat_you_like_youre_nothing/,796,66,5/1/2025
1jhdpiv,https://www.reddit.com/r/womenintech/comments/1jhdpiv/how_do_you_decide_what_you_want_to_be_in_the_next/,11,12,5/1/2025
1jh0do9,https://www.reddit.com/r/womenintech/comments/1jh0do9/just_needed_to_vent_a_little_because_im_feeling/,93,30,5/1/2025
1jhd96f,https://www.reddit.com/r/womenintech/comments/1jhd96f/are_there_preipo_companies_that_offer_a_401k_match/,4,8,5/1/2025
1jgya9u,https://www.reddit.com/r/womenintech/comments/1jgya9u/fed_up_with_job_searching_and_eating_tacos/,38,5,5/1/2025
1jgyj2u,https://www.reddit.com/r/womenintech/comments/1jgyj2u/navigating_ambition_relationships_and_tech/,17,43,5/1/2025
1jgpk81,https://www.reddit.com/r/womenintech/comments/1jgpk81/it_happened_to_me_got_pip/,54,21,5/1/2025
1jgrhse,https://www.reddit.com/r/womenintech/comments/1jgrhse/existential_crisis/,20,2,5/1/2025
1jgvw43,https://www.reddit.com/r/womenintech/comments/1jgvw43/accepted_a_job_in_santa_monica_anyone_has_some/,7,6,5/1/2025
1jghkvn,https://www.reddit.com/r/womenintech/comments/1jghkvn/balancing_career_growth_and_starting_a_family_is/,39,30,5/1/2025
1jgy3sr,https://www.reddit.com/r/womenintech/comments/1jgy3sr/if_you_decide_to_take_a_certification_exam_and/,3,2,5/1/2025
1jfwhxq,https://peopleofcolorintech.com/articles/google-agrees-to-pay-28m-in-racial-bias-lawsuit-after-black-employees-excluded/?utm_source=POCIT+Newsletter&utm_campaign=3d7a772a40-Newsletter+430&utm_medium=email&utm_term=0_5e3350f142-3d7a772a40-332390021,922,9,5/1/2025
1jfryvq,https://www.npr.org/2025/03/20/nx-s1-5332213/jobs-women-trump-dei-civil-rights,1323,136,5/1/2025
1jfr8rt,https://www.reddit.com/r/womenintech/comments/1jfr8rt/do_you_feel_daily_scrum_is_a_waste_of_time/,219,93,5/1/2025
1jga3jd,https://www.reddit.com/r/womenintech/comments/1jga3jd/imposter_sybdrome/,6,4,5/1/2025
1jg2v10,https://www.reddit.com/r/womenintech/comments/1jg2v10/should_i_pledge_allegiance_to_claude_chatgpt/,11,65,5/1/2025
1jg379x,https://www.reddit.com/r/womenintech/comments/1jg379x/is_there_any_point/,8,2,5/1/2025
1jfdqt0,https://open.substack.com/pub/cyberintel/p/unprecedented-exposure-of-federal,378,26,5/1/2025
1jg80qf,/r/u_epointsite1/comments/1jg7zzi/article_10_gamechanging_femtech_innovations/,2,0,5/1/2025
1jflweg,https://www.reddit.com/r/womenintech/comments/1jflweg/followup_to_the_interview_thread_from_yesterday/,38,40,5/1/2025
1jfpu2l,https://www.reddit.com/r/womenintech/comments/1jfpu2l/how_to_get_more_visible_to_leadership/,17,1,5/1/2025
1jf4aym,https://www.reddit.com/r/womenintech/comments/1jf4aym/careless_people_worth_a_read_book_about_meta/,555,102,5/1/2025
1jfxo5q,https://www.reddit.com/r/womenintech/comments/1jfxo5q/any_other_women_in_payments_lets_connect/,2,0,5/1/2025
1jfw59j,https://www.reddit.com/r/womenintech/comments/1jfw59j/what_tasks_do_you_do_that_ai_cant/,2,30,5/1/2025
1jfuqhs,https://www.reddit.com/r/womenintech/comments/1jfuqhs/learn_as_i_practice/,2,1,5/1/2025
1jf8oya,https://www.reddit.com/r/womenintech/comments/1jf8oya/has_the_auto_industry_stopped_hiring_women/,69,17,5/1/2025
1jfxkv7,https://www.reddit.com/r/womenintech/comments/1jfxkv7/for_those_who_are_wfh_or_hybrid_how_do_you/,0,7,5/1/2025
1jfb6lw,https://www.reddit.com/r/womenintech/comments/1jfb6lw/does_anyone_actually_have_a_goodclose/,30,26,5/1/2025
1jfqckx,https://www.reddit.com/r/womenintech/comments/1jfqckx/nyc_based_social_commerce_startup_looking_for_a/,1,1,5/1/2025
1jf6p8y,https://www.reddit.com/r/womenintech/comments/1jf6p8y/head_hunters_are_weird/,9,5,5/1/2025
1jf4cm8,https://www.reddit.com/r/womenintech/comments/1jf4cm8/has_anyone_switched_from_front_end_development_to/,12,4,5/1/2025
1jecwg0,https://www.reddit.com/r/womenintech/comments/1jecwg0/real_talk_do_you_hide_your_relationship_and/,563,159,5/1/2025
1jfa55s,https://discord.gg/qkgBJJpT,3,1,5/1/2025
1jenskd,https://www.reddit.com/r/womenintech/comments/1jenskd/tired_of_being_gaslit/,108,11,5/1/2025
1jev23l,https://www.reddit.com/r/womenintech/comments/1jev23l/career_transition_ideas_for_a_technical_software/,11,5,5/1/2025
1jf6tcv,https://www.reddit.com/r/womenintech/comments/1jf6tcv/sinto_falta_de_uma_comunidade_na_minha_área/,2,0,5/1/2025
1jejnz8,https://www.reddit.com/r/womenintech/comments/1jejnz8/manager_doesnt_think_im_passionate_about/,58,29,5/1/2025
1je6r8b,https://www.reddit.com/r/womenintech/comments/1je6r8b/i_guess_i_just_hit_my_first_not_technical_enough/,134,31,5/1/2025
1jeoxf6,https://www.reddit.com/r/womenintech/comments/1jeoxf6/discrimination_at_workplace_how_to_handle/,7,12,5/1/2025
1jegfsf,https://www.reddit.com/r/womenintech/comments/1jegfsf/reflecting_my_journey_in_tech_over_a_decade/,22,4,5/1/2025
1jf87a8,https://www.reddit.com/r/womenintech/comments/1jf87a8/is_career_or_executive_coaching_just_for_job/,0,1,5/1/2025
1jet1ca,https://www.reddit.com/r/womenintech/comments/1jet1ca/women_in_it_workplace_experiences_and_career/,2,0,5/1/2025
1jeqlca,https://www.reddit.com/r/womenintech/comments/1jeqlca/help_re_interviewing_for_mid_to_senior_level_swe/,2,1,5/1/2025
1jeeq1k,https://www.reddit.com/r/womenintech/comments/1jeeq1k/any_other_women_here_own_an_llc_for_tech/,10,2,5/1/2025
1je25zs,https://www.reddit.com/r/womenintech/comments/1je25zs/passed_up_for_a_promotion/,62,34,5/1/2025
1jf2xen,https://www.reddit.com/r/womenintech/comments/1jf2xen/im_in_the_process_of_building_a_jewelry_brand_and/,0,5,5/1/2025
1jeodxp,https://www.reddit.com/r/womenintech/comments/1jeodxp/google_interview_your_advice_needed/,1,2,5/1/2025
1jdw0pe,https://www.reddit.com/r/womenintech/comments/1jdw0pe/selfish_confession_of_a_software_engineer/,59,14,5/1/2025
1jdwdnl,https://www.reddit.com/r/womenintech/comments/1jdwdnl/do_tech_careers_generally_expect_conformity_to/,22,31,5/1/2025
1je96x3,https://www.reddit.com/r/womenintech/comments/1je96x3/help_with_offer_negotiation/,2,13,5/1/2025
1je5rud,https://www.reddit.com/r/womenintech/comments/1je5rud/i_have_a_google_question/,2,4,5/1/2025
1jdy705,https://www.reddit.com/r/womenintech/comments/1jdy705/am_i_being_complacent_or_ungrateful_of_my_job/,9,10,5/1/2025
1je9slj,https://www.reddit.com/r/womenintech/comments/1je9slj/seeking_2_cybersecurity_volunteer_mentors/,1,0,5/1/2025
1jdypuh,https://www.reddit.com/r/womenintech/comments/1jdypuh/dangled_promotion/,6,6,5/1/2025
1jdtjn9,https://www.reddit.com/r/womenintech/comments/1jdtjn9/need_help_losing_all_will_to_keep_working/,13,2,5/1/2025
1je3ruv,https://www.reddit.com/r/womenintech/comments/1je3ruv/incomplete_recruiter_email_red_flag/,1,1,5/1/2025
1jdp3s4,https://www.reddit.com/r/womenintech/comments/1jdp3s4/tech_writers_how_are_you_doing/,11,2,5/1/2025
1jdigx3,https://www.reddit.com/r/womenintech/comments/1jdigx3/job_posting_2_remote_software_engineering_roles/,9,0,5/1/2025
1jdcmsw,https://i.redd.it/6k5rcg7w49pe1.png,9,1,5/1/2025
1jde1qx,https://www.reddit.com/r/womenintech/comments/1jde1qx/career_transition_from_program_manager_at_maang/,6,5,5/1/2025
1jd4c7w,https://i.redd.it/dk3crhdyd6pe1.png,22,2,5/1/2025
1jdftb2,https://www.reddit.com/r/womenintech/comments/1jdftb2/anyone_here_successfully_transitioned_from_sales/,0,1,5/1/2025
1jcpe81,https://www.reddit.com/r/womenintech/comments/1jcpe81/engineers_who_changed_from_a_nontech_career/,50,27,5/1/2025
1jcatgj,https://www.reddit.com/r/womenintech/comments/1jcatgj/is_our_only_option_to_be_a_btch/,633,74,5/1/2025
1jckgxi,https://www.reddit.com/r/womenintech/comments/1jckgxi/creditidea_stealing_is_unconscious/,37,6,5/1/2025
1jd12vu,https://www.reddit.com/r/womenintech/comments/1jd12vu/career_advice_transitioning_out_of_ic_role/,2,0,5/1/2025
1jcvsyp,https://www.reddit.com/r/womenintech/comments/1jcvsyp/im_looking_for_some_suggestions_here_or_maybe_im/,2,6,5/1/2025
1jcwd4v,https://www.reddit.com/r/womenintech/comments/1jcwd4v/i_need_advice/,1,2,5/1/2025
1jcrwoy,https://www.reddit.com/r/womenintech/comments/1jcrwoy/trying_to_understand_challenges_women_in_tech_face/,0,0,5/1/2025
1jbzrbd,https://www.reddit.com/r/womenintech/comments/1jbzrbd/is_it_normal_for_an_interviewer_to_share_how_much/,30,22,5/1/2025
1jbnoo1,https://www.reddit.com/r/womenintech/comments/1jbnoo1/exiting_manager_hell_bent_on_firing_me_before_he/,171,41,5/1/2025
1jcdrvl,https://www.reddit.com/r/womenintech/comments/1jcdrvl/in_the_office_for_first_time_tips/,1,6,5/1/2025
1jcbg49,https://www.reddit.com/r/womenintech/comments/1jcbg49/how_can_you_negotiate_an_amazing_salary_or/,0,0,5/1/2025
1jbtovb,/r/rstats/comments/1jam3w2/maga_trigger_word_screener_shinylive_app/,11,1,5/1/2025
1jc9w2p,https://www.reddit.com/r/womenintech/comments/1jc9w2p/how_i_transitioned_to_tech_career_without_tech/,0,7,5/1/2025
1jc0r32,https://www.reddit.com/r/womenintech/comments/1jc0r32/present_my_best_project_or_the_one_more_relevant/,3,4,5/1/2025
1jba8fj,https://www.reddit.com/r/womenintech/comments/1jba8fj/i_completely_froze_in_my_interview/,137,37,5/1/2025
1jbuatv,https://www.reddit.com/r/womenintech/comments/1jbuatv/title_sensitive_after_making_director/,6,12,5/1/2025
1jbk1nu,https://www.reddit.com/r/womenintech/comments/1jbk1nu/how_do_we_find_women_vc/,22,23,5/1/2025
1javi8n,https://www.reddit.com/r/womenintech/comments/1javi8n/shoutout_to_women_in_tech_looking_out_for_the/,231,3,5/1/2025
1jbh1ku,https://www.reddit.com/r/womenintech/comments/1jbh1ku/female_engineer_channel/,6,0,5/1/2025
1jb17ku,https://www.reddit.com/r/womenintech/comments/1jb17ku/does_anyone_else_really_struggle_with_performing/,34,9,5/1/2025
1jbe11l,https://www.reddit.com/r/womenintech/comments/1jbe11l/interview_that_could_have_gone_better/,4,2,5/1/2025
1javhkr,https://www.reddit.com/r/womenintech/comments/1javhkr/culture_at_a_faang_can_someone_break_it_down_for/,58,82,5/1/2025
1jailyr,https://www.reddit.com/r/womenintech/comments/1jailyr/blatant_discrimination/,313,50,5/1/2025
1jb9f25,https://www.reddit.com/r/womenintech/comments/1jb9f25/looking_for_thoughtsadvice_should_i_stop_trying/,2,21,5/1/2025
1jat5im,https://www.reddit.com/r/womenintech/comments/1jat5im/2_senior_engineering_roles_open_at_my_company/,31,1,5/1/2025
1jagidt,https://www.reddit.com/gallery/1jagidt,78,13,5/1/2025
1jabtdc,https://www.reddit.com/r/womenintech/comments/1jabtdc/is_my_coworker_undermining_me/,89,36,5/1/2025
1japzp3,https://www.reddit.com/r/womenintech/comments/1japzp3/early_entrepreneurial_support/,5,4,5/1/2025
1jatgun,https://www.reddit.com/r/womenintech/comments/1jatgun/am_i_reading_too_much_into_my_recent_performance/,3,1,5/1/2025
1jai7z4,https://www.reddit.com/r/womenintech/comments/1jai7z4/backtracking_after_asking_for_help/,12,9,5/1/2025
1jadsw7,https://www.reddit.com/r/womenintech/comments/1jadsw7/not_being_taken_seriously_at_work/,21,16,5/1/2025
1jagd9d,https://www.reddit.com/r/womenintech/comments/1jagd9d/networking_event_struggles_anyone_else/,11,4,5/1/2025
1jabzjn,https://www.reddit.com/r/womenintech/comments/1jabzjn/thoughts_about_linkedin/,16,18,5/1/2025
1jaspqy,https://www.reddit.com/r/womenintech/comments/1jaspqy/wrote_a_blog_post_hope_you_like_it/,1,0,5/1/2025
1jaguz7,https://www.reddit.com/r/womenintech/comments/1jaguz7/offloading_responsibilities/,2,0,5/1/2025
1jaet6v,https://www.reddit.com/r/womenintech/comments/1jaet6v/how_to_get_into_it/,2,8,5/1/2025
1ja3v32,https://www.reddit.com/r/womenintech/comments/1ja3v32/do_you_put_gender_race_in_job_applications/,15,23,5/1/2025
1jafsku,https://www.reddit.com/r/womenintech/comments/1jafsku/any_course_or_book_recommendations/,0,2,5/1/2025
1j9i4y7,https://www.reddit.com/r/womenintech/comments/1j9i4y7/the_job_market_is_picking_up/,173,13,5/1/2025
1j9zoqz,https://www.reddit.com/r/womenintech/comments/1j9zoqz/how_to_handle_coworker_who_treats_me_poorly/,15,8,5/1/2025
1ja942n,https://www.reddit.com/r/womenintech/comments/1ja942n/hack_for_a_cause_sharing_the_link_here_for_anyone/,2,0,5/1/2025
1jabmgd,https://www.reddit.com/r/womenintech/comments/1jabmgd/advice_should_i_ask_to_be_interim_manager/,1,4,5/1/2025
1j9z8yc,https://www.reddit.com/r/womenintech/comments/1j9z8yc/preparing_for_the_pushback_i_will_probably_get/,9,11,5/1/2025
1j969g4,https://www.reddit.com/r/womenintech/comments/1j969g4/a_good_thing_happened/,370,11,5/1/2025
1ja41q1,https://www.reddit.com/r/womenintech/comments/1ja41q1/struggling_with_negative_feedback/,1,7,5/1/2025
1ja12f7,https://www.reddit.com/r/womenintech/comments/1ja12f7/need_advice_on_how_to_move_forward_with_this/,3,2,5/1/2025
1j9p4cs,https://www.reddit.com/r/womenintech/comments/1j9p4cs/looking_to_connect_with_other_women_in_tech/,13,14,5/1/2025
1j9xyib,https://www.reddit.com/r/womenintech/comments/1j9xyib/hello_girls_how_are_you_my_name_is_vivian_im_from/,2,0,5/1/2025
1j9lsqp,https://www.reddit.com/r/womenintech/comments/1j9lsqp/mid_mid_midlife/,6,2,5/1/2025
1j9kcyh,https://www.reddit.com/r/womenintech/comments/1j9kcyh/se_need_help_with_devops/,4,3,5/1/2025
1j98ijn,https://i.redd.it/61xdryuc36oe1.png,41,19,5/1/2025
1j9vbr4,https://www.reddit.com/r/womenintech/comments/1j9vbr4/women_in_tech_la/,1,0,5/1/2025
1j8q907,https://www.reddit.com/r/womenintech/comments/1j8q907/all_men_on_team_got_the_promotion/,316,50,5/1/2025
1j8ttcz,https://www.reddit.com/r/womenintech/comments/1j8ttcz/i_cant_do_that_takehome_assignment_and_i_feel/,177,34,5/1/2025
1j9qtzq,https://www.reddit.com/r/womenintech/comments/1j9qtzq/build_portfolio_genai_researchdesign_project/,1,1,5/1/2025
1j9nqe6,https://www.reddit.com/r/womenintech/comments/1j9nqe6/seo_content_institute/,1,0,5/1/2025
1j8dxu0,https://www.reddit.com/r/womenintech/comments/1j8dxu0/watch_what_happens_when_you_start_to_outdo_them/,1361,119,5/1/2025
1j8u0kh,https://www.reddit.com/r/womenintech/comments/1j8u0kh/is_there_an_alternativebackup_for_this_subreddit/,50,6,5/1/2025
1j8w9t2,https://www.reddit.com/r/womenintech/comments/1j8w9t2/quagmire_job_loss_new_house_baby_job_search/,28,29,5/1/2025
1j7zqgg,https://www.reddit.com/r/womenintech/comments/1j7zqgg/i_was_a_corporate_overachiever_3_harsh_truths/,3280,151,5/1/2025
1j8sol7,https://www.reddit.com/r/womenintech/comments/1j8sol7/invisible_dei/,26,2,5/1/2025
1j98n8k,https://www.reddit.com/r/womenintech/comments/1j98n8k/accept_first_offer_or_hold_out_for_higher_pay/,2,17,5/1/2025
1j8jx0e,https://www.reddit.com/r/womenintech/comments/1j8jx0e/are_there_any_technical_recruiters_in_here_whats/,97,35,5/1/2025
1j93d5r,https://www.reddit.com/r/womenintech/comments/1j93d5r/i_need_referrals_please/,4,4,5/1/2025
1j998dh,https://www.reddit.com/r/womenintech/comments/1j998dh/seeking_guidance_navigating_a_complex_manager/,0,0,5/1/2025
1j8vdl3,https://i.redd.it/89yxg2qyk2oe1.jpeg,4,0,5/1/2025
1j8q078,https://www.reddit.com/r/womenintech/comments/1j8q078/as_a_woman_specifically_a_new_grad_how_long_did/,9,16,5/1/2025
1j8ravs,https://www.reddit.com/r/womenintech/comments/1j8ravs/anyone_doing_georgia_tech_omocs_or_have/,6,0,5/1/2025
1j90074,https://www.reddit.com/r/womenintech/comments/1j90074/tuesday_social_chat_invitation_you_are_welcome/,1,0,5/1/2025
1j8qkml,https://www.reddit.com/r/womenintech/comments/1j8qkml/getting_certs/,3,0,5/1/2025
1j80tyg,https://www.reddit.com/r/womenintech/comments/1j80tyg/am_i_burnt_out_or_just_dont_like_working_in_tech/,112,24,5/1/2025
1j8dai8,https://www.reddit.com/r/womenintech/comments/1j8dai8/the_company_my_husband_works_for_is_hiring_and_i/,22,4,5/1/2025
1j8lgyr,https://www.reddit.com/r/womenintech/comments/1j8lgyr/front_end_student_trying_to_build_a_portfolio/,3,1,5/1/2025
1j86xll,https://www.reddit.com/r/womenintech/comments/1j86xll/trying_to_make_it_as_a_female_tech_founder_is/,25,54,5/1/2025
1j7x5y4,https://www.reddit.com/r/womenintech/comments/1j7x5y4/dont_be_discouraged/,62,8,5/1/2025
1j8jbc8,https://www.reddit.com/r/womenintech/comments/1j8jbc8/i_feel_so_stupid_and_incompetent/,3,2,5/1/2025
1j8vbtu,https://www.reddit.com/r/womenintech/comments/1j8vbtu/heres_how_i_avoid_burnout_being_a_tech_founder/,0,9,5/1/2025
1j7xkea,https://www.reddit.com/r/womenintech/comments/1j7xkea/career_break_advice/,38,41,5/1/2025
1j8hu29,https://www.reddit.com/r/womenintech/comments/1j8hu29/how_to_get_a_job_at_a_faang/,2,1,5/1/2025
1j8d64r,https://www.reddit.com/r/womenintech/comments/1j8d64r/3_yoe_looking_for_qa_resume_and_cover_letter/,2,2,5/1/2025
1j84zpb,https://www.reddit.com/r/womenintech/comments/1j84zpb/failing_hm_rounds/,4,3,5/1/2025
1j77svu,https://www.reddit.com/r/womenintech/comments/1j77svu/reached_out_to_a_woman_in_leadership_for_advice/,854,143,5/1/2025
1j8aa15,https://www.reddit.com/r/womenintech/comments/1j8aa15/fractional_cmo_for_women_in_tech/,2,0,5/1/2025
1j6zslr,https://www.reddit.com/gallery/1j6zslr,1280,17,5/1/2025
1j7ktfz,https://www.reddit.com/r/womenintech/comments/1j7ktfz/does_anyone_ever_move_their_career_to_be_more/,33,18,5/1/2025
1j7m6u1,https://www.reddit.com/r/womenintech/comments/1j7m6u1/try_out_my_app_in_beta_zee/,14,3,5/1/2025
1j6jwbs,https://i.redd.it/dvbfo0khlhne1.jpeg,5637,213,5/1/2025
1j741qr,https://www.reddit.com/r/womenintech/comments/1j741qr/so_i_went_into_consulting_for_start_up_companies/,190,31,5/1/2025
1j7qzhe,https://www.reddit.com/r/womenintech/comments/1j7qzhe/please_advice/,3,2,5/1/2025
1j6li8g,https://www.reddit.com/r/womenintech/comments/1j6li8g/removed_by_reddit/,1988,115,5/1/2025
1j7atdl,https://www.reddit.com/r/womenintech/comments/1j7atdl/quickstart_guide_to_use_lemmy/,11,1,5/1/2025
1j6pktb,https://www.reddit.com/gallery/1j6pktb,433,165,5/1/2025
1j6l8xx,https://v.redd.it/23xjy52a6hne1,247,1,5/1/2025
1j709o5,https://docs.google.com/forms/d/e/1FAIpQLSdlSIIoqGqDYp8tsD_MzKRUjvsjxo8w7HMn8uJnWFwAd3KfKQ/viewform?edit_requested=true&usp=embed_facebook,14,8,5/1/2025
1j6wta8,https://www.reddit.com/r/womenintech/comments/1j6wta8/senior_mle_at_tvscientific/,8,1,5/1/2025
1j6xuuv,https://www.reddit.com/r/womenintech/comments/1j6xuuv/how_to_grow_into_it/,6,8,5/1/2025
1j6c6s2,https://www.reddit.com/r/womenintech/comments/1j6c6s2/male_professor_treating_me_differently/,129,30,5/1/2025
1j5qut9,https://www.reddit.com/r/womenintech/comments/1j5qut9/google_removed_womens_day_from_cal/,1574,158,5/1/2025
1j695w0,https://i.redd.it/qibm2ia18ene1.jpeg,64,0,5/1/2025
1j6kb8c,https://www.reddit.com/r/womenintech/comments/1j6kb8c/google_hiring_assessment/,2,17,5/1/2025
1j60fye,https://www.reddit.com/r/womenintech/comments/1j60fye/crowdsourced_companies_list/,12,8,5/1/2025
1j5wylv,https://www.reddit.com/r/womenintech/comments/1j5wylv/any_apple_employees_move_to_netflix/,9,1,5/1/2025
1j56j83,https://www.reddit.com/r/womenintech/comments/1j56j83/feeling_discouraged_about_the_future_of_tech/,348,42,5/1/2025
1j4p2vn,https://www.reddit.com/r/womenintech/comments/1j4p2vn/may_you_have_the_confidence_of_a_mediocre_tall/,4159,163,5/1/2025
1j4xvb6,https://www.reddit.com/r/womenintech/comments/1j4xvb6/excluded/,415,63,5/1/2025
1j5k0g5,https://www.reddit.com/r/womenintech/comments/1j5k0g5/famous_mathematician_cleo_was_a_sock_puppet/,14,4,5/1/2025
1j5uc29,https://www.reddit.com/r/womenintech/comments/1j5uc29/with_international_womens_day_around_the_corner/,3,1,5/1/2025
1j5naap,https://www.reddit.com/r/womenintech/comments/1j5naap/dont_know_what_to_do_next/,5,4,5/1/2025
1j5izqw,https://www.reddit.com/r/womenintech/comments/1j5izqw/junior_in_a_startup_am_i_naive/,7,8,5/1/2025
1j54cs2,https://www.reddit.com/r/womenintech/comments/1j54cs2/software_engineers_what_are_your_raises_looking/,61,70,5/1/2025
1j4e8or,https://www.reddit.com/r/womenintech/comments/1j4e8or/removed_by_reddit/,3777,159,5/1/2025
1j5eh2s,https://www.reddit.com/r/womenintech/comments/1j5eh2s/help_me_keep_my_sanity/,7,3,5/1/2025
1j4xwpv,https://www.reddit.com/r/womenintech/comments/1j4xwpv/i_finally_learned_to_be_assertive_and_to_say_no/,65,5,5/1/2025
1j4s4fo,https://www.reddit.com/r/womenintech/comments/1j4s4fo/being_recruited_by_a_smaller_software_company/,122,47,5/1/2025
1j4f2tj,https://www.reddit.com/r/womenintech/comments/1j4f2tj/anyone_else_thinking_of_leaving_tech/,482,234,5/1/2025
1j4rcwp,https://www.reddit.com/r/womenintech/comments/1j4rcwp/bad_performance_review_with_new_manager_225_raise/,56,28,5/1/2025
1j5azks,https://www.reddit.com/r/womenintech/comments/1j5azks/adtech_job_hunt_after_rough_experience_any_and/,2,2,5/1/2025
1j52890,https://www.reddit.com/r/womenintech/comments/1j52890/does_anybody_got_successful_doing_a_product/,6,0,5/1/2025
1j56d4z,https://www.reddit.com/r/womenintech/comments/1j56d4z/looking_for_senior_net_engineers_for_an_ecommerce/,3,0,5/1/2025
1j54qsr,https://www.reddit.com/r/womenintech/comments/1j54qsr/how_to_not_feel_bored_during_work/,3,0,5/1/2025
1j5b15g,https://www.reddit.com/r/womenintech/comments/1j5b15g/negotiating_severance/,1,0,5/1/2025
1j55o6m,https://www.reddit.com/r/womenintech/comments/1j55o6m/a_recruiter_looking_for_meta_contractors_reached/,2,8,5/1/2025
1j5fgiz,https://www.reddit.com/r/womenintech/comments/1j5fgiz/job_opportunity_want_to_pave_the_road_for_llm/,0,0,5/1/2025
1j3nadw,https://i.redd.it/p5r7hqwizqme1.jpeg,1767,74,5/1/2025
1j4rzep,https://www.reddit.com/r/womenintech/comments/1j4rzep/tricky_handover_from_predecessor_while_stepping/,2,4,5/1/2025
1j4p8v7,https://www.reddit.com/r/womenintech/comments/1j4p8v7/how_should_i_deal_with_a_teammate_who_has_a/,2,9,5/1/2025
1j3gwhk,https://www.reddit.com/r/womenintech/comments/1j3gwhk/i_got_promoted_and_suddenly_things_changed/,747,77,5/1/2025
1j4g4wd,https://www.reddit.com/r/womenintech/comments/1j4g4wd/getting_into_tech_where_do_i_even_start/,4,11,5/1/2025
1j45qjb,https://www.reddit.com/r/womenintech/comments/1j45qjb/is_itsolution_architecture_being_phased_out/,5,5,5/1/2025
1j3q6jr,https://www.reddit.com/r/womenintech/comments/1j3q6jr/i_was_passed_over_for_a_role_i_had_high_hopes_for/,20,19,5/1/2025
1j46z1n,https://www.reddit.com/r/womenintech/comments/1j46z1n/ai_learning_community_launched_lets_learn/,0,1,5/1/2025
1j3ocsd,https://www.reddit.com/r/womenintech/comments/1j3ocsd/alright_ladies_wtf_do_i_do_in_this_situation/,20,9,5/1/2025
1j32sdf,https://www.reddit.com/r/womenintech/comments/1j32sdf/women_in_tech_struggling_with_labels/,350,56,5/1/2025
1j3gbkn,https://www.reddit.com/r/womenintech/comments/1j3gbkn/is_a_cs_degree_worth_it_at_30/,12,28,5/1/2025
1j32xlj,https://www.reddit.com/r/womenintech/comments/1j32xlj/relocating_to_seattle_for_a_job_at_amazon/,74,211,5/1/2025
1j3al4s,https://www.reddit.com/r/womenintech/comments/1j3al4s/red_flag_or_overreacting/,14,11,5/1/2025
1j2pydm,"https://simple.m.wikipedia.org/wiki/Matilda_effect#:~:text=The%20Matilda%20effect%20is%20a,own%20name%20on%20the%20paper.",308,32,5/1/2025
1j3a6vr,https://www.reddit.com/r/womenintech/comments/1j3a6vr/is_going_back_to_school_for_ai_worth_it/,11,35,5/1/2025
1j3otzp,https://www.reddit.com/r/womenintech/comments/1j3otzp/anyone_transition_to_pm_roles_from_swe/,1,5,5/1/2025
1j3j4ig,https://www.reddit.com/r/womenintech/comments/1j3j4ig/need_advice_unfairness_in_promotion/,0,2,5/1/2025
1j223ab,https://www.reddit.com/r/womenintech/comments/1j223ab/men_arent_as_smart_as_they_pretend_to_be_my/,2768,211,5/1/2025
1j2sr9f,https://www.reddit.com/r/womenintech/comments/1j2sr9f/looking_for_a_customer_success_consultant/,14,20,5/1/2025
1j2cyim,https://www.reddit.com/r/womenintech/comments/1j2cyim/the_constant_condescending_tone/,129,11,5/1/2025
1j29o9m,https://www.reddit.com/r/womenintech/comments/1j29o9m/i_can_work_but_cannot_network_where_do_i_go_from/,107,31,5/1/2025
1j2q6hx,https://www.reddit.com/r/womenintech/comments/1j2q6hx/full_stack_developer_role_open/,4,5,5/1/2025
1j1pr8p,https://www.reddit.com/r/womenintech/comments/1j1pr8p/what_is_this_syndrome_called/,786,103,5/1/2025
1j2pr6k,https://www.reddit.com/r/womenintech/comments/1j2pr6k/goals_in_workday/,2,3,5/1/2025
1j3654a,https://www.reddit.com/r/womenintech/comments/1j3654a/girl_vs_girl_nah/,0,16,5/1/2025
1j2r5yd,https://www.reddit.com/r/womenintech/comments/1j2r5yd/what_are_some_necessary_skills_to_become_a/,0,2,5/1/2025
1j1wvqe,https://www.reddit.com/r/womenintech/comments/1j1wvqe/most_frustrating_interview_i_had/,40,13,5/1/2025
1j25nos,https://www.reddit.com/r/womenintech/comments/1j25nos/please_help_get_me_out_of_my_head_regarding_an/,7,4,5/1/2025
1j1n282,https://www.reddit.com/r/womenintech/comments/1j1n282/a_true_story_of_woman_names_withheld_but_the_pain/,106,45,5/1/2025
1j1udgi,https://www.reddit.com/r/womenintech/comments/1j1udgi/hoping_im_doing_the_most_to_prepare/,15,10,5/1/2025
1j1ywow,https://www.reddit.com/r/womenintech/comments/1j1ywow/anyone_heard_of_when_to_submit_proposals_to/,4,0,5/1/2025
1j1dkte,https://www.reddit.com/r/womenintech/comments/1j1dkte/is_it_ok_to_not_have_the_same_tech_interests_as/,103,80,5/1/2025
1j1aait,https://www.reddit.com/r/womenintech/comments/1j1aait/hello_its_me_almost_a_month_post_lay_off/,147,37,5/1/2025
1j1zvod,https://www.reddit.com/r/womenintech/comments/1j1zvod/hi_which_passive_noise_cancelling_headphones/,2,2,5/1/2025
1j0si1h,https://www.reddit.com/r/womenintech/comments/1j0si1h/got_denied_a_promotion_for_not_being_in_shape/,1071,59,5/1/2025
1j0nmxv,https://v.redd.it/eaf7t4f57zle1,813,18,5/1/2025
1j1796d,https://www.reddit.com/r/womenintech/comments/1j1796d/how_do_you_feel_about_people_freaking_out_about_ai/,22,104,5/1/2025
1j1b2iq,https://www.reddit.com/r/womenintech/comments/1j1b2iq/looking_for_suggestions_what_can_i_do_to_help/,10,17,5/1/2025
1j1arw9,https://discord.gg/dhR5FKCf,10,0,5/1/2025
1j0ohav,https://www.reddit.com/r/womenintech/comments/1j0ohav/this_is_probably_off_topic_but_am_jealous_of_my/,303,58,5/1/2025
1j1mgoq,https://www.reddit.com/r/womenintech/comments/1j1mgoq/learning_performance_testingscale_in_cloud/,1,1,5/1/2025
1j1mf4a,https://www.reddit.com/r/womenintech/comments/1j1mf4a/dae_have_autistic_pda_how_do_you_deal_with/,0,2,5/1/2025
1j0x1vb,https://www.reddit.com/r/womenintech/comments/1j0x1vb/burnout/,24,3,5/1/2025
1j12k6q,https://www.reddit.com/r/womenintech/comments/1j12k6q/experience_with_career_coach/,7,13,5/1/2025
1j0jkvz,https://www.reddit.com/r/womenintech/comments/1j0jkvz/job_description_for_my_old_job_is_up_i_was_fired/,125,24,5/1/2025
1j0qnid,https://www.reddit.com/r/womenintech/comments/1j0qnid/absolutely_love_this_supportive_community/,42,4,5/1/2025
1j0rh2y,https://www.reddit.com/r/womenintech/comments/1j0rh2y/success_story_creating_a_technical_vision/,7,4,5/1/2025
1j0dvxa,https://www.reddit.com/r/womenintech/comments/1j0dvxa/follow_up_emails/,12,5,5/1/2025
1j0qd5v,https://www.reddit.com/r/womenintech/comments/1j0qd5v/harvard_coursescertificates_worth_it/,1,1,5/1/2025
1izrc5p,https://www.reddit.com/r/womenintech/comments/1izrc5p/only_woman_in_an_office/,204,33,5/1/2025
1izuoth,https://www.reddit.com/r/womenintech/comments/1izuoth/28_yr_old_female_stuck_in_the_midwest_looking_to/,79,130,5/1/2025
1izhgc7,https://www.reddit.com/r/womenintech/comments/1izhgc7/working_in_tech_for_the_us_government/,417,51,5/1/2025
1izn0bx,https://www.reddit.com/r/womenintech/comments/1izn0bx/some_days_i_feel_like_cassandra/,176,12,5/1/2025
1j02mwb,https://www.reddit.com/r/womenintech/comments/1j02mwb/seeking_advice_to_restart_my_career/,9,17,5/1/2025
1izkkex,https://www.reddit.com/r/womenintech/comments/1izkkex/fear_for_my_future/,90,67,5/1/2025
1izk2vh,https://www.reddit.com/r/womenintech/comments/1izk2vh/interview_rant/,57,102,5/1/2025
1iyqsxg,https://www.reddit.com/r/womenintech/comments/1iyqsxg/women_arent_the_ones_that_are_too_emotional_in/,3840,157,5/1/2025
1izmmi7,https://www.reddit.com/r/womenintech/comments/1izmmi7/questions_for_women_in_tech/,23,26,5/1/2025
1iz1l1x,https://www.reddit.com/r/womenintech/comments/1iz1l1x/masculine_energy/,541,227,5/1/2025
1j0bgbb,https://www.reddit.com/r/womenintech/comments/1j0bgbb/looking_for_an_electronjs_expert/,0,4,5/1/2025
1izgev3,https://www.reddit.com/r/womenintech/comments/1izgev3/app_for_women/,31,10,5/1/2025
1izjcyc,https://www.reddit.com/r/womenintech/comments/1izjcyc/i_constantly_feel_evil_when_i_think_about_getting/,19,16,5/1/2025
1j02qqr,https://www.reddit.com/r/womenintech/comments/1j02qqr/how_to_find_culture_fit/,1,2,5/1/2025
1izkcx6,https://www.reddit.com/r/womenintech/comments/1izkcx6/considering_a_lateral_transfer_advice_on/,3,3,5/1/2025
1izi7a2,https://www.reddit.com/r/womenintech/comments/1izi7a2/career_coach_to_help_me_figure_out_what_i_want/,4,5,5/1/2025
1iz0sxv,https://www.reddit.com/r/womenintech/comments/1iz0sxv/path_from_clueless_nontechiehorrible_coder_to/,75,14,5/1/2025
1iysgjo,https://www.reddit.com/r/womenintech/comments/1iysgjo/men_over_explaining_tech/,132,55,5/1/2025
1iyv9cx,https://www.reddit.com/r/womenintech/comments/1iyv9cx/to_other_job_hunters_do_you_hesitate_now_with_the/,85,31,5/1/2025
1iyz86x,https://www.reddit.com/r/womenintech/comments/1iyz86x/ladies_what_do_you_bring_with_you_for_an_all_day/,30,43,5/1/2025
1iyspu5,https://www.wired.com/story/edera-cloud-tech-security/?utm_medium=social&utm_source=pushly&utm_campaign=aud-dev&utm_social=owned&utm_brand=wired,38,0,5/1/2025
1iys7hl,https://www.reddit.com/r/womenintech/comments/1iys7hl/miserable_woman_in_tech_seeking_help/,39,20,5/1/2025
1iz5v2f,https://www.reddit.com/r/womenintech/comments/1iz5v2f/i_told_my_vp_that_im_struggling_to_know_when_to/,5,10,5/1/2025
1iz9pcz,https://www.reddit.com/r/womenintech/comments/1iz9pcz/looking_for_a_devop_mentor/,2,4,5/1/2025
1iz1sxf,https://www.reddit.com/r/womenintech/comments/1iz1sxf/leaving_the_toxic_behind/,5,0,5/1/2025
1iy2z37,https://www.reddit.com/r/womenintech/comments/1iy2z37/boyfriend_got_a_job_offer_at_my_work_his/,1092,291,5/1/2025
1iz09co,https://www.reddit.com/r/womenintech/comments/1iz09co/swe_interview_prep_discord/,7,3,5/1/2025
1iym19i,https://www.reddit.com/r/womenintech/comments/1iym19i/beating_imposter_syndrome/,37,30,5/1/2025
1iy1gr5,https://www.reddit.com/r/womenintech/comments/1iy1gr5/underperforming_man_pushed_through/,928,52,5/1/2025
1iz3d70,https://www.reddit.com/r/womenintech/comments/1iz3d70/acknowledgment_and_inclusion/,3,0,5/1/2025
1iywaet,https://www.reddit.com/r/womenintech/comments/1iywaet/starting_a_conversation_on_our_discord_channel/,6,4,5/1/2025
1izfq1o,https://www.reddit.com/r/womenintech/comments/1izfq1o/advice_for_a_man_in_tech/,0,13,5/1/2025
1izbu5x,https://www.reddit.com/r/womenintech/comments/1izbu5x/only_nb_in_startup_feeling_lost/,0,4,5/1/2025
1iya45n,https://www.reddit.com/r/womenintech/comments/1iya45n/who_are_the_most_underrated_women_in_science_some/,127,58,5/1/2025
1iyug9m,https://www.reddit.com/r/womenintech/comments/1iyug9m/tech_related_side_hustles_ideas/,4,3,5/1/2025
1iyy5rp,https://www.reddit.com/r/womenintech/comments/1iyy5rp/working_with_ai/,2,9,5/1/2025
1iythg0,https://www.reddit.com/r/womenintech/comments/1iythg0/cybersec_internship_paid_in_sharesbad_idea/,3,7,5/1/2025
1iy4xwu,https://www.reddit.com/r/womenintech/comments/1iy4xwu/i_had_an_interview_recently_and_i_asked_about_1/,128,35,5/1/2025
1iysw15,https://www.reddit.com/r/womenintech/comments/1iysw15/best_framework_for_mobile_appdev/,2,1,5/1/2025
1iybol0,https://www.reddit.com/r/womenintech/comments/1iybol0/why_do_i_get_so_annoyed_with_incompetence_of/,21,19,5/1/2025
1iyk6bp,https://www.reddit.com/r/womenintech/comments/1iyk6bp/searching_for_an_accountability_partner/,3,6,5/1/2025
1iy3mr8,https://www.reddit.com/r/womenintech/comments/1iy3mr8/does_anyone_else_feel_like_youre_just_being/,58,9,5/1/2025
1iysi1y,https://i.redd.it/dwz9w4dxmile1.jpeg,0,0,5/1/2025
1iy58d4,https://www.reddit.com/r/womenintech/comments/1iy58d4/men_are_always_spelling_my_name_wrong/,39,59,5/1/2025
1iyltmz,https://www.reddit.com/r/womenintech/comments/1iyltmz/book_for_womens_month/,2,3,5/1/2025
1iylrpt,https://www.reddit.com/r/womenintech/comments/1iylrpt/being_asked_to_participate_in_a_video_story_about/,2,9,5/1/2025
1iyo4rg,https://www.reddit.com/r/womenintech/comments/1iyo4rg/ai_job_roles/,1,2,5/1/2025
1iy6bup,https://www.reddit.com/r/womenintech/comments/1iy6bup/what_are_some_kick_ass_accomplishments_that_you/,19,20,5/1/2025
1iy2pgj,https://www.reddit.com/r/womenintech/comments/1iy2pgj/i_feel_stuck_in_a_career_i_never_wanted_and_i/,14,0,5/1/2025
1ixfjyg,https://www.reddit.com/r/womenintech/comments/1ixfjyg/they_didnt_know_i_could_hear_them_talking_about_me/,592,53,5/1/2025
1ixpfww,https://www.reddit.com/r/womenintech/comments/1ixpfww/was_treated_very_badly_at_my_last_job_am_i_just/,44,23,5/1/2025
1iy6y8j,https://www.reddit.com/r/womenintech/comments/1iy6y8j/2_years_experience_no_internship_offers/,3,2,5/1/2025
1ixgne7,https://www.reddit.com/r/womenintech/comments/1ixgne7/my_life_is_a_literal_sewer/,140,23,5/1/2025
1iy44x2,https://www.reddit.com/r/womenintech/comments/1iy44x2/career_advice_ic_to_management_move/,3,5,5/1/2025
1ixxypi,https://www.reddit.com/r/womenintech/comments/1ixxypi/pairing_with_unprofessional_colleague/,4,6,5/1/2025
1ixib0u,https://www.reddit.com/r/womenintech/comments/1ixib0u/please_tell_me_im_not_alone/,61,8,5/1/2025
1ixkfvy,https://www.reddit.com/r/womenintech/comments/1ixkfvy/do_the_glassdoor_ratings_of_companies_youre/,26,22,5/1/2025
1ixd3nu,https://www.reddit.com/r/womenintech/comments/1ixd3nu/how_to_cope/,33,22,5/1/2025
1ixxlh9,https://www.reddit.com/r/womenintech/comments/1ixxlh9/need_advice/,1,7,5/1/2025
1ixxe7r,https://www.reddit.com/r/womenintech/comments/1ixxe7r/i_have_a_ba_in_a_non_tech_field_should_i_go_back/,2,17,5/1/2025
1iy0jed,https://www.reddit.com/r/womenintech/comments/1iy0jed/baby_steps/,0,0,5/1/2025
1ix8onn,https://www.reddit.com/r/womenintech/comments/1ix8onn/what_do_you_do_to_calm_your_nerves_before_an/,27,34,5/1/2025
1iwo9t9,https://www.reddit.com/r/womenintech/comments/1iwo9t9/ive_finally_surrendered_to_never_finding_a_job_in/,734,71,5/1/2025
1ixnu3o,https://www.reddit.com/r/womenintech/comments/1ixnu3o/can_i_ask_to_not_have_a_live_review/,4,6,5/1/2025
1iwy3vp,https://www.reddit.com/r/womenintech/comments/1iwy3vp/some_things_will_never_change/,97,31,5/1/2025
1ixn7st,https://www.reddit.com/r/womenintech/comments/1ixn7st/exploring_safety_for_women_in_online_spaces/,2,0,5/1/2025
1ixklro,https://www.reddit.com/r/womenintech/comments/1ixklro/how_do_i_navigate_my_type_a_manager_high/,2,2,5/1/2025
1ixdxj1,https://www.reddit.com/r/womenintech/comments/1ixdxj1/portland_or_connecting_with_others/,4,0,5/1/2025
1ixdp3j,https://www.reddit.com/r/womenintech/comments/1ixdp3j/study_buddies/,3,0,5/1/2025
1ixddsz,https://www.reddit.com/r/womenintech/comments/1ixddsz/looking_for_contract_work_research_pattern/,3,0,5/1/2025
1ix5ou2,https://www.reddit.com/r/womenintech/comments/1ix5ou2/slack_groups/,7,2,5/1/2025
1ix5d86,https://www.reddit.com/r/womenintech/comments/1ix5d86/in_need_of_advice_feeling_anxious_with_the_ai_buzz/,6,2,5/1/2025
1iw1kft,https://www.reddit.com/gallery/1iw1kft,2824,527,5/1/2025
1iwl4qm,https://www.reddit.com/r/womenintech/comments/1iwl4qm/manager_who_protects_me_has_actually_hurt_my/,106,24,5/1/2025
1iwrorg,https://www.reddit.com/r/womenintech/comments/1iwrorg/what_lifechanging_tech_hasnt_been_invented_yet/,37,90,5/1/2025
1iwp7t6,https://www.reddit.com/r/womenintech/comments/1iwp7t6/90_days_in_should_i_stay_or_should_i_go/,44,32,5/1/2025
1ix1qu7,https://www.reddit.com/r/womenintech/comments/1ix1qu7/ai_job_hunters/,3,2,5/1/2025
1iwwv2v,https://www.reddit.com/r/womenintech/comments/1iwwv2v/anyone_take_leave_as_a_manager_due_to_burnout/,6,15,5/1/2025
1iwvzhy,https://www.reddit.com/r/womenintech/comments/1iwvzhy/empowering_young_women_in_ai_shecodesai_2025/,7,0,5/1/2025
1iwfbto,https://www.reddit.com/r/womenintech/comments/1iwfbto/whats_the_most_sexist_thing_said_to_you_at_your/,76,255,5/1/2025
1iwr1vh,https://www.reddit.com/r/womenintech/comments/1iwr1vh/desperately_seeking_career_advice_from_affluent/,12,33,5/1/2025
1iwzcnc,https://www.reddit.com/r/womenintech/comments/1iwzcnc/degree_options/,2,2,5/1/2025
1iwr4e0,/r/50501/comments/1iwmxrb/straight_from_the_floor_of_congress/,9,0,5/1/2025
1ivwo05,https://www.reddit.com/r/womenintech/comments/1ivwo05/quitting_tech/,759,146,5/1/2025
1iwmqgx,https://www.reddit.com/r/womenintech/comments/1iwmqgx/salient_conversation_about_techs_perception_of/,6,4,5/1/2025
1iwnmbg,https://www.reddit.com/r/womenintech/comments/1iwnmbg/is_software_engineering_dead_end/,4,9,5/1/2025
1iw4loa,https://www.reddit.com/r/womenintech/comments/1iw4loa/silver_lining/,54,8,5/1/2025
1iwao3b,https://www.reddit.com/r/womenintech/comments/1iwao3b/looking_for_jobs_in_buttville_ks_is_a_shitshow/,12,14,5/1/2025
1iwcncc,https://www.reddit.com/r/womenintech/comments/1iwcncc/sexism/,4,38,5/1/2025
1ivps3a,https://www.reddit.com/r/womenintech/comments/1ivps3a/looks_like_im_dusting_off_the_ole_resume_ugh/,133,18,5/1/2025
1ivugn7,https://www.reddit.com/r/womenintech/comments/1ivugn7/when_people_say_that_the_tech_market_is_drying_up/,71,38,5/1/2025
1iw9zpu,https://www.reddit.com/r/womenintech/comments/1iw9zpu/small_rant/,3,15,5/1/2025
1iw66vg,https://www.reddit.com/r/womenintech/comments/1iw66vg/recently_laid_off/,6,9,5/1/2025
1ivsmk7,https://www.reddit.com/r/womenintech/comments/1ivsmk7/hard_worker_who_used_to_be_valued_is_now/,25,7,5/1/2025
1iuzoy8,https://v.redd.it/2jw3zmagpjke1,2032,53,5/1/2025
1iv2dse,https://www.reddit.com/r/womenintech/comments/1iv2dse/linkedin_is_dying/,374,146,5/1/2025
1iv5fy1,https://www.reddit.com/r/womenintech/comments/1iv5fy1/nonengineering_women_in_tech_lets_learn_ai/,176,210,5/1/2025
1ivnmtd,https://chaninicholas.com/careers/?utm_source=Chani%27s+Email+List&utm_campaign=86bde0447a-EMAIL_CAMPAIGN_02_22_2025_WREHIRINGFEB25&utm_medium=email&utm_term=0_f44e3bfd4b-86bde0447a-140011462&mc_cid=86bde0447a&mc_eid=85a4d1da6c,4,4,5/1/2025
1iuph40,https://www.reddit.com/r/womenintech/comments/1iuph40/5_months_i_came_on_here_asking_i_i_should_quit/,599,36,5/1/2025
1iv6t58,https://www.reddit.com/r/womenintech/comments/1iv6t58/how_to_cope_with_male_coworkers_yelling_at_me/,48,21,5/1/2025
1ives4e,https://www.reddit.com/r/womenintech/comments/1ives4e/how_to_succeed_in_live_codingtechnical_interviews/,11,10,5/1/2025
1ivm5l3,https://www.reddit.com/r/womenintech/comments/1ivm5l3/need_advice_on_new_career_shift/,1,4,5/1/2025
1iv4r8s,https://www.reddit.com/r/womenintech/comments/1iv4r8s/so_nervous_about_interviewing_i_want_to_throw_up/,21,12,5/1/2025
1iuiou7,https://i.redd.it/bkeu03m49fke1.jpeg,553,80,5/1/2025
1iunf7q,https://www.reddit.com/r/womenintech/comments/1iunf7q/im_burned_out/,57,17,5/1/2025
1iuwxar,https://www.reddit.com/r/womenintech/comments/1iuwxar/refusal_to_accurately_document_process_how_to/,11,8,5/1/2025
1iv5msc,https://www.reddit.com/r/womenintech/comments/1iv5msc/need_help_with_job_search/,3,0,5/1/2025
1iurgu8,https://www.reddit.com/r/womenintech/comments/1iurgu8/women_empowerment_group/,16,31,5/1/2025
1iugycm,/r/humansvsbillionares/comments/1iuge2k/we_the_people_it_is_time/,60,1,5/1/2025
1iv3sb5,https://www.reddit.com/r/womenintech/comments/1iv3sb5/coming_back_from_maternity_leave_advice_please/,1,1,5/1/2025
1iu64ma,https://www.reddit.com/r/womenintech/comments/1iu64ma/ladies_that_majored_in_computer_science_what_do/,150,226,5/1/2025
1iuppff,https://www.reddit.com/r/womenintech/comments/1iuppff/not_sure_what_to_study/,5,7,5/1/2025
1iu6ole,https://jacobin.com/2025/02/tech-workers-silicon-valley-trump,72,4,5/1/2025
1iu57xj,https://www.reddit.com/r/womenintech/comments/1iu57xj/unannounced_ban_on_2_weeks_vacation_in_my_office/,60,21,5/1/2025
1iuttfr,https://www.reddit.com/r/womenintech/comments/1iuttfr/career_path_advice/,1,9,5/1/2025
1iuscl4,https://www.reddit.com/r/womenintech/comments/1iuscl4/looking_to_get_into_tech/,0,2,5/1/2025
1iuip5m,/r/womenEngineers/comments/1iuidad/do_any_of_you_suck_at_your_job_like_me/,7,13,5/1/2025
1iu6o14,https://www.reddit.com/r/womenintech/comments/1iu6o14/how_much_do_you_use_chatgptother_llms_to_help_you/,23,47,5/1/2025
1itrnc6,https://www.reddit.com/r/womenintech/comments/1itrnc6/shocking/,133,46,5/1/2025
1itmo3d,https://www.reddit.com/r/womenintech/comments/1itmo3d/majored_in_tech_for_stability_but_all_i_got_was/,276,40,5/1/2025
1itce3x,https://i.redd.it/qla8ze3u05ke1.jpeg,613,77,5/1/2025
1iuaj9p,https://www.reddit.com/r/womenintech/comments/1iuaj9p/inperson_bootcamp_or_study_group_in_london/,3,4,5/1/2025
1iu1kme,https://www.reddit.com/r/womenintech/comments/1iu1kme/would_love_advice_on_my_situation/,7,7,5/1/2025
1iu53gr,https://www.reddit.com/r/womenintech/comments/1iu53gr/small_indicators_of_bias_in_managers_behavior/,4,9,5/1/2025
1itencp,/r/50501/comments/1isxeu6/things_just_got_a_lot_worse_wh_announces_massive/,247,0,5/1/2025
1iuaxaq,https://www.reddit.com/r/womenintech/comments/1iuaxaq/i_feel_so_incompetent_in_my_new_job_should_i_just/,1,8,5/1/2025
1itue6s,https://i.redd.it/aio8b1m4g9ke1.jpeg,10,19,5/1/2025
1itrpm0,https://www.reddit.com/r/womenintech/comments/1itrpm0/self_doubt_makes_me_seem_incompetent/,14,6,5/1/2025
1it6pz3,https://i.redd.it/uypor8xpv3ke1.png,255,45,5/1/2025
1itl74z,https://www.reddit.com/r/womenintech/comments/1itl74z/what_does_your_github_profile_picture_look_like/,30,34,5/1/2025
1iu05x0,https://www.reddit.com/r/womenintech/comments/1iu05x0/looking_for_my_next_break_through/,1,2,5/1/2025
1itu6jh,https://www.erlang-solutions.com/blog/women-in-beam/,2,0,5/1/2025
1itx33b,https://www.reddit.com/r/womenintech/comments/1itx33b/champions_program/,1,0,5/1/2025
1itzlv9,https://www.reddit.com/r/womenintech/comments/1itzlv9/gender_equality_recruitment_website/,0,0,5/1/2025
1it15e0,https://www.reddit.com/r/womenintech/comments/1it15e0/is_it_normal_to_be_chosen_last_to_speak_in/,89,37,5/1/2025
1it779p,https://www.reddit.com/r/womenintech/comments/1it779p/id_love_feedback_from_you_on_my_femalefounded/,24,4,5/1/2025
1itgbb8,https://www.reddit.com/r/womenintech/comments/1itgbb8/thoughts_on_job_applications_requiring_a_video/,5,10,5/1/2025
1itk6eq,https://www.reddit.com/r/womenintech/comments/1itk6eq/wecode_conference_worth_going_to/,3,1,5/1/2025
1itj5s8,https://www.reddit.com/r/womenintech/comments/1itj5s8/advise_or_tips_needed/,2,3,5/1/2025
1it9dmu,https://www.reddit.com/r/womenintech/comments/1it9dmu/what_are_some_options_for_a_creative_project/,7,0,5/1/2025
1is7qk5,https://www.reddit.com/r/womenintech/comments/1is7qk5/who_helped_you_with_this/,924,84,5/1/2025
1isrioc,https://www.reddit.com/r/womenintech/comments/1isrioc/so_tired_of_overly_cocky_team_mates/,41,1,5/1/2025
1itemzf,https://www.reddit.com/r/womenintech/comments/1itemzf/seeking_a_female_developer_or_product_manager_to/,1,0,5/1/2025
1isyr16,https://www.reddit.com/r/womenintech/comments/1isyr16/not_able_to_land_interviews_in_six_months_resume/,11,6,5/1/2025
1is5txj,https://www.reddit.com/r/womenintech/comments/1is5txj/were_those_of_us_laid_off_pawns_in_whats/,700,132,5/1/2025
1isifge,https://www.reddit.com/r/womenintech/comments/1isifge/should_i_not_be_disclosing_disability_on/,70,45,5/1/2025
1iszd9v,https://www.reddit.com/r/womenintech/comments/1iszd9v/would_you_reach_out_to_mutual_acquaintances/,3,2,5/1/2025
1isdz23,https://www.reddit.com/r/womenintech/comments/1isdz23/constantly_getting_mistaken_for_nontechnical/,49,14,5/1/2025
1ist9qu,https://www.reddit.com/r/womenintech/comments/1ist9qu/need_a_mentor/,4,3,5/1/2025
1iswbx2,https://www.reddit.com/r/womenintech/comments/1iswbx2/first_task_on_internship_has_me_shook/,3,1,5/1/2025
1isfueh,https://www.reddit.com/r/womenintech/comments/1isfueh/what_is_your_goto_casual_everyday_work_outfit/,16,31,5/1/2025
1isqapd,https://www.reddit.com/r/womenintech/comments/1isqapd/team_double_standard/,4,13,5/1/2025
1ist00w,https://www.reddit.com/r/womenintech/comments/1ist00w/looking_for_contract_dev_for_marketplace_web_app/,2,0,5/1/2025
1isro16,https://www.reddit.com/r/womenintech/comments/1isro16/help_a_career_changer_out_with_some_advice/,2,5,5/1/2025
1isdcql,https://www.reddit.com/r/womenintech/comments/1isdcql/women_in_ai_hackathon/,12,1,5/1/2025
1isnb2m,https://www.reddit.com/r/womenintech/comments/1isnb2m/sales/,3,0,5/1/2025
1islkrk,https://www.reddit.com/r/womenintech/comments/1islkrk/uxtech_mentorship_advice/,3,8,5/1/2025
1isdavp,https://www.reddit.com/r/womenintech/comments/1isdavp/have_you_ever_been_fired_after_fmla_ran_out/,7,15,5/1/2025
1isb7rd,https://www.reddit.com/r/womenintech/comments/1isb7rd/how_to_find_a_sweadjacent_job_in_this_market/,11,4,5/1/2025
1irkkex,https://www.reddit.com/r/womenintech/comments/1irkkex/ai_is_coming_for_everyones_job/,433,111,5/1/2025
1ishnsj,https://www.reddit.com/r/womenintech/comments/1ishnsj/struggling_in_a_nontechnical_peoplefacing_role_as/,2,5,5/1/2025
1irwanm,https://www.reddit.com/r/womenintech/comments/1irwanm/layoffsreorg_coming_but_i_cant_bring_myself_to/,55,23,5/1/2025
1irxcm2,https://open.substack.com/pub/digitallegacy/p/digital-life-after-death-essential-considerations?r=543z5s&utm_medium=ios,43,0,5/1/2025
1is1m1c,https://www.reddit.com/r/womenintech/comments/1is1m1c/is_it_worth_it_question_from_a_senior_in_hs/,19,32,5/1/2025
1irs2qc,https://www.reddit.com/r/womenintech/comments/1irs2qc/talk_me_off_this_ledge_or_dont/,35,21,5/1/2025
1irr2gd,https://www.reddit.com/r/womenintech/comments/1irr2gd/seeking_advice_navigating_inappropriate_behavior/,25,7,5/1/2025
1is1dkz,https://www.reddit.com/r/womenintech/comments/1is1dkz/anyone_interested_in_taking_the_ccna_lmk_i_have/,3,3,5/1/2025
1irobr6,https://www.reddit.com/r/womenintech/comments/1irobr6/those_of_you_that_got_a_job_recently_how_did_you/,17,8,5/1/2025
1ir4st5,https://www.reddit.com/r/womenintech/comments/1ir4st5/does_anyone_else_feel_a_lot_of_grief_at_the_idea/,229,40,5/1/2025
1irr7jy,https://www.reddit.com/r/womenintech/comments/1irr7jy/how_to_move_forward_in_this_situation/,4,9,5/1/2025
1is1qz5,https://www.reddit.com/r/womenintech/comments/1is1qz5/how_horrible_is_my_plan/,1,1,5/1/2025
1iroh50,https://www.reddit.com/r/womenintech/comments/1iroh50/laid_off_of_startup_question_about_owning_stocks/,3,4,5/1/2025
1ir547k,https://www.reddit.com/r/womenintech/comments/1ir547k/laid_off_for_the_second_time_in_a_year_i_think/,77,11,5/1/2025
1ireyft,https://www.reddit.com/r/womenintech/comments/1ireyft/i_want_out/,14,15,5/1/2025
1iqmmk5,https://www.reddit.com/r/womenintech/comments/1iqmmk5/i_learned_these_workplace_rules_the_hard_way_wish/,1095,73,5/1/2025
1iruqz3,https://www.reddit.com/r/womenintech/comments/1iruqz3/any_programs_that_will_auto_transcribe_a_recorded/,0,6,5/1/2025
1is07k4,https://www.reddit.com/r/womenintech/comments/1is07k4/hybrid_event_is_feminism_in_fintech_preserving/,0,0,5/1/2025
1iqlyrx,https://www.reddit.com/gallery/1ind141,807,4,5/1/2025
1ir5gwf,https://www.reddit.com/r/womenintech/comments/1ir5gwf/do_any_of_the_women_in_this_sub_have_a_youtube/,30,34,5/1/2025
1irww33,https://www.reddit.com/r/womenintech/comments/1irww33/help_needed/,0,5,5/1/2025
1ir1seu,https://www.reddit.com/r/womenintech/comments/1ir1seu/reporting_female_manager_to_union/,16,5,5/1/2025
1iq5885,https://www.reddit.com/r/womenintech/comments/1iq5885/i_am_crying_i_am_so_scared/,2659,345,5/1/2025
1irluem,https://www.reddit.com/r/womenintech/comments/1irluem/entry_level_non_tech_roles/,0,10,5/1/2025
1iqnc5e,https://www.reddit.com/r/womenintech/comments/1iqnc5e/what_is_a_cybersecurity_engineers_favorite/,48,5,5/1/2025
1iq7s6r,https://www.reddit.com/r/womenintech/comments/1iq7s6r/assume_she_is_technical/,448,19,5/1/2025
1ir8n02,https://www.reddit.com/r/womenintech/comments/1ir8n02/job_in_the_nyc_area/,1,1,5/1/2025
1iqjv12,https://www.reddit.com/r/womenintech/comments/1iqjv12/grateful_for_my_job/,50,10,5/1/2025
1ir7qrl,https://www.reddit.com/r/womenintech/comments/1ir7qrl/what_questions_would_you_like_to_see_asked_in_a/,0,1,5/1/2025
1iqgetb,https://www.reddit.com/r/womenintech/comments/1iqgetb/pairing_every_day_is_burning_me_out/,75,15,5/1/2025
1iqdh3p,https://www.reddit.com/r/womenintech/comments/1iqdh3p/i_am_feeling_hopeless_not_being_able_to_land_a/,75,20,5/1/2025
1irdr2k,https://www.reddit.com/r/womenintech/comments/1irdr2k/message_from_the_ancient_wise_women_of_the_world/,0,5,5/1/2025
1iqlwyu,https://www.reddit.com/r/womenintech/comments/1iqlwyu/feeling_helpless_ps_long_post/,12,8,5/1/2025
1iqjdzs,https://www.reddit.com/r/womenintech/comments/1iqjdzs/ask_me_anything_nontraditional_path_now_at_manga/,9,12,5/1/2025
1iq7ui3,https://www.reddit.com/r/womenintech/comments/1iq7ui3/i_got_laid_off_for_the_first_time/,55,24,5/1/2025
1iqdzxs,https://www.reddit.com/r/womenintech/comments/1iqdzxs/isc2_womens_cybersecurity_scholarships/,9,1,5/1/2025
1ipcpif,https://www.404media.co/anyone-can-push-updates-to-the-doge-gov-website-2/,3037,125,5/1/2025
1ipwiit,https://www.reddit.com/r/womenintech/comments/1ipwiit/quit_my_job_with_no_back_up_plan/,127,42,5/1/2025
1iqcr82,https://youtu.be/I0my3SgF0oY?si=bFwnaGRiy6s_35D3,8,0,5/1/2025
1iqgfvd,https://www.reddit.com/r/womenintech/comments/1iqgfvd/any_computational_linguists_here/,3,1,5/1/2025
1iqw6kp,https://www.reddit.com/r/womenintech/comments/1iqw6kp/how_to_manage_2_year_old_kid_without_maid_support/,0,7,5/1/2025
1iqfsyp,https://www.reddit.com/r/womenintech/comments/1iqfsyp/the_importance_of_internships/,2,3,5/1/2025
1iq537i,https://www.reddit.com/r/womenintech/comments/1iq537i/should_i_go_for_tech_or_non_tech_jobs/,3,10,5/1/2025
1ipjpkd,https://www.reddit.com/r/womenintech/comments/1ipjpkd/unemployed_and_getting_very_nervous_that_i_wont/,122,24,5/1/2025
1iqhdh6,https://www.reddit.com/r/womenintech/comments/1iqhdh6/f1opt_looking_for_a_part_time_paidunpaid_work_in/,0,0,5/1/2025
1ipdifn,https://www.crisesnotes.com/,81,1,5/1/2025
1iq3r5r,https://www.reddit.com/r/womenintech/comments/1iq3r5r/2_remote_jobs_listed_in_the_cfs_forum/,1,0,5/1/2025
1ipnghw,https://www.reddit.com/r/womenintech/comments/1ipnghw/any_advice_on_how_to_deal_with_the_different_tech/,21,5,5/1/2025
1ipmyla,https://www.reddit.com/r/womenintech/comments/1ipmyla/how_do_you_deal_with_criticism_both_valid_and_not/,10,6,5/1/2025
1ipk60w,https://www.reddit.com/r/womenintech/comments/1ipk60w/what_makes_you_feel_recognized/,13,18,5/1/2025
1ipvlff,https://www.reddit.com/r/womenintech/comments/1ipvlff/seeking_advice_resources_on_ai/,2,3,5/1/2025
1iopu87,https://www.reddit.com/r/womenintech/comments/1iopu87/where_is_anonymous/,1284,107,5/1/2025
1ipky9j,https://www.reddit.com/r/womenintech/comments/1ipky9j/im_a_beginner/,8,14,5/1/2025
1ipbsdi,https://www.reddit.com/r/womenintech/comments/1ipbsdi/how_do_i_respond_when_a_colleague_does_this/,23,44,5/1/2025
1ipmbje,https://www.reddit.com/r/womenintech/comments/1ipmbje/looking_for_other_women_in_tech_to_collaborate/,5,2,5/1/2025
1ipnhat,https://www.reddit.com/r/womenintech/comments/1ipnhat/pursuing_data_science_state_of_the_job_market_help/,2,1,5/1/2025
1ios24h,https://www.reddit.com/r/womenintech/comments/1ios24h/anonymizing_age_when_did_you_start/,113,48,5/1/2025
1ioz0ve,https://www.reddit.com/r/womenintech/comments/1ioz0ve/team_offsite_attire/,25,41,5/1/2025
1ip9euw,https://www.reddit.com/r/womenintech/comments/1ip9euw/can_i_leverage_or_transfer_emerging_leader_status/,2,4,5/1/2025
1ip5s6t,https://www.reddit.com/r/womenintech/comments/1ip5s6t/two_months_left_for_the_job_hunt/,3,3,5/1/2025
1ip3n0e,https://www.reddit.com/r/womenintech/comments/1ip3n0e/what_should_you_know_before_you_get_into_a_startup/,6,6,5/1/2025
1inybyz,https://gizmodo.com/the-list-of-trumps-forbidden-words-that-will-get-your-paper-flagged-at-nsf-2000559661,3179,146,5/1/2025
1io3my1,https://i.redd.it/xbiei0mlasie1.jpeg,1602,5,5/1/2025
1iox1gv,https://www.reddit.com/r/womenintech/comments/1iox1gv/didnt_get_the_one_job_i_was_hoping_for_any_tips/,11,10,5/1/2025
1iombz7,https://www.reddit.com/r/womenintech/comments/1iombz7/are_you_guys_tired_after_studying_concentrating_a/,48,32,5/1/2025
1ins8xu,https://thenewfeminist.co.uk/2025/02/more-than-100-women-kept-as-slaves-in-illegal-egg-harvesting-farm-in-georgia/?amp=1,5124,273,5/1/2025
1iolfbv,https://www.reddit.com/r/womenintech/comments/1iolfbv/how_to_stay_positive_in_this_job_market/,20,15,5/1/2025
1iolpyf,https://www.reddit.com/r/womenintech/comments/1iolpyf/dating_coworkers/,14,54,5/1/2025
1iog3uy,https://www.reddit.com/r/womenintech/comments/1iog3uy/does_decline_to_respond_hurt_you_through_the/,36,15,5/1/2025
1ip2uha,https://www.reddit.com/r/womenintech/comments/1ip2uha/manager_indicated_that_im_not_doing_enough/,1,4,5/1/2025
1ioxfei,https://www.reddit.com/r/womenintech/comments/1ioxfei/career_transition/,2,4,5/1/2025
1iogin2,https://youtu.be/NfBuZA-51YA?si=nAanxQthmDUuiHHH,6,0,5/1/2025
1inyyd7,https://www.reddit.com/r/womenintech/comments/1inyyd7/does_pretty_privilege_apply_in_the_maledominated/,111,91,5/1/2025
1iopac4,https://www.reddit.com/r/womenintech/comments/1iopac4/transitioning_into_tech_question/,1,7,5/1/2025
1ioh5kv,https://www.reddit.com/r/womenintech/comments/1ioh5kv/what_conferences_do_you_recommend_are_you/,3,2,5/1/2025
1insuiu,https://www.reddit.com/r/womenintech/comments/1insuiu/something_about_the_eyes/,44,31,5/1/2025
1iny8xr,https://www.reddit.com/r/womenintech/comments/1iny8xr/job_change/,21,7,5/1/2025
1inew7p,https://www.reddit.com/r/womenintech/comments/1inew7p/talking_ages_when_youre_35/,333,159,5/1/2025
1io6fq6,https://www.reddit.com/r/womenintech/comments/1io6fq6/women_in_engineeringstem_research/,6,0,5/1/2025
1in3rfb,https://www.reddit.com/gallery/1in3rfb,819,75,5/1/2025
1io76ti,https://www.reddit.com/r/womenintech/comments/1io76ti/anyone_here_work_at_warner_bros_discovery/,1,0,5/1/2025
1io1wo9,https://www.reddit.com/r/womenintech/comments/1io1wo9/most_comfortable_desk_chair/,4,5,5/1/2025
1inect5,https://www.reddit.com/r/womenintech/comments/1inect5/update_my_boss_does_in_fact_hate_me_he_just_wants/,150,55,5/1/2025
1io6xpd,https://www.reddit.com/r/womenintech/comments/1io6xpd/just_found_out_i_am_pregnant_is_it_wise_to_move/,0,18,5/1/2025
1io6fho,https://www.reddit.com/r/womenintech/comments/1io6fho/inform_my_manager_about_increase_medical/,1,8,5/1/2025
1int04p,https://www.reddit.com/r/womenintech/comments/1int04p/conference/,3,2,5/1/2025
1injddm,https://www.reddit.com/r/womenintech/comments/1injddm/i_am_not_included_in_the_girl_clique_am_i_screwed/,17,12,5/1/2025
1in7ogh,https://www.reddit.com/r/womenintech/comments/1in7ogh/rounds_upon_rounds_upon_rounds_of_interviews/,47,7,5/1/2025
1in10dj,https://www.reddit.com/r/womenintech/comments/1in10dj/should_i_take_an_interview_with_meta/,66,126,5/1/2025
1in8gq5,https://www.reddit.com/r/womenintech/comments/1in8gq5/how_do_you_cheer_yourself_up_after_bombing_an/,18,23,5/1/2025
1intl01,https://www.reddit.com/r/womenintech/comments/1intl01/looking_for_any_wfh_jobs_in_any_field_while_im_a/,0,0,5/1/2025
1incoam,https://www.reddit.com/r/womenintech/comments/1incoam/applied_for_associate_but_considered_for_senior/,6,8,5/1/2025
1in816o,https://www.reddit.com/r/womenintech/comments/1in816o/mentors/,8,1,5/1/2025
1intcr1,https://www.reddit.com/r/womenintech/comments/1intcr1/hello_i_am_looking_for_a_canadian_lady_or_two_who/,0,0,5/1/2025
1imf6b2,https://www.reddit.com/r/womenintech/comments/1imf6b2/i_wish_i_didnt_love_what_i_did/,506,61,5/1/2025
1im5ry0,https://www.reddit.com/r/womenintech/comments/1im5ry0/the_privilege_is_real/,1023,77,5/1/2025
1inludv,https://www.reddit.com/r/womenintech/comments/1inludv/anyone_interested_in_taking_the_ccna_follow/,0,0,5/1/2025
1in4u7o,https://www.reddit.com/r/womenintech/comments/1in4u7o/interview_prep_email_said_theyd_evaluate_my_data/,2,1,5/1/2025
1imx5ll,https://www.reddit.com/r/womenintech/comments/1imx5ll/looker_studio/,4,2,5/1/2025
1impmow,https://www.reddit.com/r/womenintech/comments/1impmow/got_start_date_wrong/,17,13,5/1/2025
1imoe8a,https://www.reddit.com/r/womenintech/comments/1imoe8a/private_women_directorexecutive_networking_career/,12,3,5/1/2025
1imlu5d,https://www.reddit.com/r/womenintech/comments/1imlu5d/how_do_you_navigate_office_politics/,12,6,5/1/2025
1imikkk,https://www.reddit.com/r/womenintech/comments/1imikkk/how_did_you_get_your_job/,11,12,5/1/2025
1im9r40,https://www.reddit.com/r/womenintech/comments/1im9r40/has_anyone_here_every_successfully_gone_part_time/,38,37,5/1/2025
1imllq5,https://www.reddit.com/r/womenintech/comments/1imllq5/how_to_detect_bullying_at_a_workplace/,7,9,5/1/2025
1imnuf4,https://www.reddit.com/r/womenintech/comments/1imnuf4/needed_to_vent_and_ask_for_help/,3,1,5/1/2025
1imfa53,https://www.reddit.com/r/womenintech/comments/1imfa53/looking_to_make_new_connections/,8,3,5/1/2025
1im9syx,https://www.reddit.com/r/womenintech/comments/1im9syx/potentially_getting_fired_after_3_months_what_to/,12,15,5/1/2025
1imf90h,https://www.reddit.com/r/womenintech/comments/1imf90h/what_are_your_tips_for_managing_the_internal/,4,10,5/1/2025
1ilqldm,https://www.reddit.com/r/womenintech/comments/1ilqldm/it_finally_clicked_that_my_boss_wont_manage_my/,234,42,5/1/2025
1im9dw5,https://www.reddit.com/r/womenintech/comments/1im9dw5/tips_for_pushing_for_a_promotion_as_an_introvert/,7,17,5/1/2025
1imkceq,https://www.reddit.com/r/womenintech/comments/1imkceq/social_worker_wishing_to_pivot_into_tech_looking/,0,2,5/1/2025
1il5wpq,https://www.whitehouse.gov/presidential-actions/2025/01/ending-radical-indoctrination-in-k-12-schooling/,2737,147,5/1/2025
